gender,age,tenure,monthly_charges,total_charges,contract_type,internet_service,payment_method,support_calls,senior_citizen,churn
Male,64,53,679.9905038576479,36123.00568337461,Monthly,Fiber,Cash,3,1,1
Female,29,59,1772.0717288385795,104605.14565422808,Yearly,Fiber,Debit Card,1,0,0
Male,33,41,584.0971741369281,23863.79934380938,Monthly,DSL,Credit Card,5,0,0
Male,41,68,421.2955377553091,28637.59714530092,Monthly,Fiber,Debit Card,1,0,1
Male,36,68,2071.2418203388715,140764.8221338376,Yearly,DSL,Credit Card,9,0,1
Female,25,8,1743.9113009369457,13854.474460948126,Yearly,Fiber,Cash,1,0,1
Male,48,2,520.4639500709714,1064.1644931844621,Monthly,Fiber,Credit Card,6,0,0
Male,38,41,393.3359652961688,16218.940460558959,Monthly,DSL,Cash,0,0,1
Male,34,55,2971.3423162052036,163504.40099597262,Monthly,None,Debit Card,6,0,1
Female,40,16,380.05759680249406,6120.2725118269855,Yearly,DSL,Debit Card,9,0,0
Male,54,62,1499.226283235431,92871.3576774297,Yearly,None,Credit Card,4,0,0
Male,33,48,1661.4713664407782,79705.45839669181,Yearly,None,Debit Card,0,0,0
Male,23,30,615.6563990612017,18433.70331721311,Yearly,Fiber,Credit Card,5,0,0
Male,25,12,755.4668017872339,9118.23163299592,Monthly,Fiber,Debit Card,6,0,0
Female,42,35,1248.8735173079517,43771.022941625335,Yearly,DSL,UPI,0,0,0
Male,35,11,2355.524865776889,25887.794748143762,Monthly,None,Credit Card,8,0,0
Female,42,64,1668.1225449627202,106743.41967693761,Monthly,DSL,Cash,6,1,0
Female,29,50,2021.3350612929962,100975.65487250504,Monthly,None,UPI,0,0,0
Female,32,21,2958.971298744822,62096.22461732502,Yearly,Fiber,Cash,2,0,1
Male,43,69,2372.614675345666,163700.6696342865,Yearly,Fiber,Debit Card,4,0,0
Female,58,48,1471.776044981288,70568.64676837888,Monthly,DSL,UPI,3,0,1
Male,62,20,1504.3931888506816,30078.517269164633,Yearly,DSL,Debit Card,1,0,1
Female,43,67,1969.6846080107134,132039.50389916936,Yearly,Fiber,Credit Card,0,0,0
Female,64,44,2095.486062731042,92217.65096411086,Monthly,Fiber,Cash,3,0,0
Female,49,33,1650.9194997590125,54396.12946305509,Monthly,Fiber,Debit Card,6,0,0
Female,27,61,2040.1253016004457,124385.97766139325,Yearly,DSL,Cash,3,0,0
Female,33,9,362.5377349180667,3257.7484842943113,Monthly,None,Cash,8,0,1
Female,24,68,1458.9817325214792,99183.05524142495,Monthly,None,Debit Card,7,0,1
Female,34,35,1052.1328053983873,36796.39359285277,Yearly,DSL,Credit Card,7,0,0
Female,40,65,647.771002156398,42110.96862979459,Yearly,DSL,Cash,4,1,1
Male,43,8,567.7755845836929,4559.0838609874345,Yearly,DSL,Debit Card,0,0,0
Male,38,45,1927.6188471596022,86802.22043623733,Yearly,Fiber,Credit Card,8,0,1
Female,39,47,1712.7214773120518,80466.10274635893,Monthly,Fiber,Debit Card,1,0,0
Female,24,40,983.6771158901968,39408.17789221599,Monthly,Fiber,Credit Card,5,0,0
Female,31,54,1570.5651586857891,84778.24081485515,Monthly,DSL,Cash,9,0,1
Male,32,46,1628.0272509925023,74800.34014344336,Monthly,None,UPI,4,0,1
Female,24,47,825.5242471842627,38810.477147861304,Yearly,DSL,Debit Card,9,0,0
Male,26,15,2059.651267080457,30912.349471185815,Monthly,DSL,Cash,7,0,0
Male,68,19,2407.482262242444,45829.07103173081,Monthly,Fiber,Debit Card,2,0,0
Male,65,26,2435.951560401701,63379.952835656724,Monthly,DSL,Debit Card,5,0,1
Male,25,52,1925.6685428993287,100218.31876126399,Yearly,DSL,Credit Card,5,0,0
Male,67,22,1680.424172801338,37051.00124367804,Monthly,DSL,Debit Card,9,1,1
Female,40,21,463.7192861145662,9759.019830457539,Monthly,Fiber,Credit Card,2,0,0
Female,46,51,1076.1445068993357,54888.92226493342,Monthly,None,Cash,6,0,0
Female,35,38,550.8329063010588,20943.138632872953,Yearly,DSL,Debit Card,3,0,0
Female,48,20,2901.3225343718786,58122.11684897302,Monthly,None,Cash,4,0,0
Female,47,29,663.7163948095539,19302.408987826457,Monthly,DSL,UPI,8,0,0
Male,69,51,708.7936065979756,36069.72711745523,Monthly,None,Cash,5,0,0
Female,56,4,2700.8568694923288,10859.113159325596,Yearly,Fiber,Debit Card,9,0,1
Female,52,55,2847.606365386436,156552.45770603363,Monthly,Fiber,UPI,3,1,1
Male,35,71,2366.7384059342567,168027.89693113335,Monthly,Fiber,Credit Card,7,0,0
Female,59,28,313.59329391620867,8722.70416408915,Monthly,Fiber,UPI,8,0,0
Male,56,4,302.634931582722,1248.456339437534,Monthly,DSL,Debit Card,9,0,1
Female,34,22,1319.8720784261172,29112.647672613188,Yearly,DSL,Debit Card,4,0,0
Male,31,45,686.1674990294098,30835.609833396775,Monthly,DSL,Cash,1,0,0
Female,48,67,348.64258380931267,23275.45526346559,Yearly,Fiber,Credit Card,5,0,0
Female,41,66,1551.9800613921627,102390.38267149773,Yearly,None,Debit Card,7,0,1
Male,52,34,2845.267122998823,96773.55455354643,Monthly,Fiber,Debit Card,4,0,0
Male,61,55,1173.3128522365648,64497.95889852195,Yearly,Fiber,Credit Card,0,1,0
Male,62,1,2084.079831757481,2039.7022652682415,Yearly,DSL,Credit Card,7,0,1
Male,51,38,2060.03545345759,78218.23426950526,Yearly,DSL,Cash,8,0,0
Male,20,6,976.9162798959529,5861.000964750605,Monthly,Fiber,UPI,0,0,1
Male,54,25,2055.1481718244336,51333.89406124228,Monthly,Fiber,Credit Card,7,0,0
Male,60,17,872.3017305746064,14875.331489596207,Monthly,DSL,Debit Card,9,0,1
Male,57,61,628.4200166576004,38248.94549651207,Yearly,Fiber,Credit Card,1,0,0
Female,43,12,2192.7348710111632,26345.62505875622,Monthly,Fiber,Debit Card,3,0,0
Female,40,6,605.2902061805752,3579.253239997005,Monthly,DSL,Cash,1,0,0
Male,61,27,2990.6548901912593,80745.53788737433,Monthly,Fiber,UPI,1,0,0
Female,56,8,794.3214831056191,6311.789849251205,Monthly,Fiber,Cash,9,0,1
Female,32,65,1903.1830294424353,123751.45064896045,Monthly,DSL,Credit Card,2,0,1
Female,66,57,1409.7113428139912,80442.60794844783,Monthly,None,Debit Card,7,1,0
Female,21,40,640.2433404953013,25693.14897570601,Monthly,None,Credit Card,3,0,1
Male,46,14,374.17855045901615,5255.184949455044,Yearly,Fiber,Credit Card,6,0,1
Female,39,35,1980.3771621906499,69305.72273732413,Monthly,Fiber,Credit Card,9,0,1
Male,42,48,2477.2454222306405,118971.44036895862,Yearly,Fiber,Credit Card,2,1,0
Female,30,56,2572.442286068209,144093.43329234523,Monthly,Fiber,UPI,9,0,1
Female,35,49,1602.326377307723,78450.70531092181,Monthly,DSL,Debit Card,2,0,0
Female,50,13,2398.129761392441,31239.870740824335,Yearly,DSL,Credit Card,1,0,0
Male,33,61,2115.6872604190708,129042.69976344226,Yearly,DSL,Debit Card,5,0,0
Female,62,49,2254.4872242476595,110407.67112012954,Monthly,Fiber,UPI,5,0,0
Male,59,46,1629.0173140988982,74891.15591862862,Yearly,Fiber,Debit Card,0,0,0
Female,61,62,2009.2116986537433,124524.63072258174,Yearly,DSL,Debit Card,6,0,1
Male,19,8,2473.9199666553536,19795.20112816352,Yearly,Fiber,UPI,3,0,1
Female,52,43,1373.2872740039622,58998.22680030595,Monthly,DSL,Credit Card,2,0,0
Male,59,20,2475.143032342476,49427.57394432984,Monthly,DSL,Debit Card,7,0,0
Male,51,39,1897.4454755304698,73925.11171581109,Monthly,DSL,Cash,1,0,0
Female,47,49,746.9327658011229,36616.36076368284,Yearly,DSL,Debit Card,8,1,0
Male,30,64,365.64722450637845,23448.374226178097,Monthly,DSL,Credit Card,7,1,1
Female,30,62,1278.4347210777105,79227.25930858571,Yearly,Fiber,Cash,7,0,1
Female,35,54,1775.0800864001176,95761.25480756914,Monthly,Fiber,Credit Card,2,0,1
Female,49,9,2566.5149509494186,23024.07953593217,Monthly,DSL,Debit Card,3,0,1
Female,49,37,643.2113363786648,23881.75835807801,Monthly,Fiber,UPI,1,0,0
Female,52,49,2459.5571387456635,120517.00853045541,Yearly,DSL,Credit Card,1,0,0
Female,56,41,2629.1244243815127,107784.81596156505,Monthly,DSL,Credit Card,3,0,0
Female,63,17,705.8562149022512,11907.165489000288,Yearly,None,UPI,5,1,0
Female,69,21,2598.304662121391,54610.1253090126,Monthly,None,Debit Card,4,1,0
Female,46,51,2975.9246331755385,151777.7699081389,Yearly,Fiber,Credit Card,0,0,1
Female,66,59,2261.464843830241,133366.84197320155,Yearly,None,Debit Card,9,0,1
Female,46,39,2417.8781409274675,94219.26224820744,Yearly,DSL,Debit Card,0,1,0
Male,61,55,2983.9212224089583,164092.3448052191,Yearly,DSL,Debit Card,5,1,0
Male,33,41,1933.7993764200526,79353.20682606116,Monthly,Fiber,UPI,2,1,0
Female,61,39,1130.2932314438735,44154.49493815127,Monthly,None,Debit Card,2,0,1
Female,64,13,2560.3332520053505,33304.90155214869,Monthly,Fiber,Debit Card,6,0,1
Female,27,64,1958.1115992814043,125364.6496394559,Monthly,DSL,Cash,0,0,0
Female,47,11,1868.2276440465828,20473.535241992984,Yearly,Fiber,Cash,0,0,0
Female,42,19,983.8159998879033,18710.129210963736,Monthly,DSL,Cash,9,0,0
Female,56,11,2341.102527873794,25785.52094730917,Monthly,Fiber,Credit Card,2,0,1
Female,37,46,519.5016448222599,23837.218230406714,Monthly,Fiber,Credit Card,7,1,0
Female,22,45,2794.5750911455852,125831.91004813339,Monthly,Fiber,Cash,0,1,0
Male,18,1,1178.7233440803088,1117.7226915845129,Monthly,Fiber,UPI,9,0,1
Female,47,40,643.9915625329743,25722.35797328826,Yearly,Fiber,UPI,3,1,0
Male,66,19,1493.3896393765308,28398.514517558775,Monthly,DSL,Cash,8,0,0
Female,20,61,413.6687549926395,25261.464067577155,Monthly,DSL,Credit Card,3,0,0
Female,62,12,2147.490724515409,25809.765642382383,Monthly,DSL,Credit Card,9,0,0
Male,31,61,2736.3048782024616,166836.9999129638,Yearly,DSL,UPI,7,0,1
Female,47,33,2559.610119273974,84537.02682202685,Monthly,Fiber,Debit Card,6,0,1
Male,67,45,642.897578309279,28936.960450374205,Yearly,Fiber,UPI,2,0,0
Female,21,69,639.932070190876,44149.57720199145,Monthly,Fiber,Debit Card,6,0,1
Female,35,8,2495.273102275513,20058.404343106806,Monthly,None,Credit Card,6,0,1
Male,54,25,2794.486541428413,69910.23919509853,Monthly,None,Credit Card,9,1,1
Female,42,46,1542.8085405504207,70892.79407064323,Monthly,Fiber,Cash,2,0,0
Male,65,30,1646.222015667168,49437.96830346029,Yearly,Fiber,Credit Card,1,0,0
Female,18,47,1158.30751174146,54359.502838643195,Monthly,None,Debit Card,8,0,1
Male,63,49,2713.5158192923177,132867.76925782618,Monthly,None,UPI,0,0,0
Male,32,47,2040.237844289361,95871.90386065394,Yearly,None,Cash,6,0,0
Female,26,18,1077.279258351895,19489.74228489795,Monthly,DSL,Debit Card,3,0,0
Female,32,66,1105.7137518464792,72912.08440910661,Monthly,DSL,UPI,1,0,0
Male,66,68,2705.2401972717266,183990.86228318277,Yearly,Fiber,UPI,1,0,0
Female,41,33,335.811864545718,11016.470743249918,Monthly,DSL,UPI,7,0,0
Female,21,36,1170.3617463619237,42177.980264020924,Yearly,DSL,Credit Card,6,0,0
Female,29,19,1795.7630392841963,34120.568480047295,Monthly,DSL,UPI,6,0,1
Male,54,28,699.1871476681765,19613.23447672682,Yearly,DSL,Credit Card,4,1,0
Male,54,40,547.6666363388924,21847.24008873854,Monthly,Fiber,UPI,9,0,1
Male,60,15,2500.246093944512,37552.81707567177,Yearly,Fiber,UPI,7,0,0
Male,23,41,2713.8918493509696,111368.6896353143,Monthly,Fiber,Credit Card,1,1,0
Male,56,39,2522.7373361551117,98419.88621017455,Yearly,Fiber,Credit Card,1,0,1
Male,63,2,2725.727302290839,5450.150604196253,Monthly,DSL,Debit Card,4,0,1
Male,41,63,1792.402321857603,113005.98107475284,Monthly,DSL,UPI,0,1,1
Male,28,29,2492.096926673923,72173.98124199014,Monthly,DSL,Credit Card,5,0,0
Male,30,66,1335.9151236559712,88216.38286515126,Yearly,Fiber,Debit Card,3,0,0
Female,51,51,2097.9232259934042,107071.83382902638,Yearly,DSL,Debit Card,5,1,0
Male,42,10,2968.855934750744,29600.89426423163,Monthly,Fiber,Credit Card,6,1,1
Female,24,14,908.4648543656441,12708.52079520217,Monthly,DSL,UPI,2,0,0
Female,69,51,1351.7293149859177,68879.1389550718,Yearly,Fiber,Debit Card,7,0,0
Female,21,39,1595.127918737231,62223.292463869584,Monthly,Fiber,UPI,6,0,1
Male,25,28,671.6418149541396,18835.87941043664,Yearly,None,UPI,0,0,0
Male,37,3,517.8042482556533,1513.9373813527109,Monthly,DSL,Debit Card,5,0,0
Male,46,70,2539.251739068386,177739.61806872263,Yearly,Fiber,Credit Card,6,0,0
Male,68,27,2936.3448066344827,79237.17767618634,Monthly,Fiber,UPI,3,0,1
Female,62,2,1391.7576723400784,2757.39357757118,Monthly,DSL,Cash,1,1,1
Male,63,38,535.6545577255638,20286.78118490911,Yearly,Fiber,Credit Card,9,1,0
Male,27,3,476.6917538645565,1507.1871503107957,Yearly,None,Debit Card,8,1,1
Male,60,16,2705.5591571728064,43190.94859687673,Yearly,DSL,Cash,6,1,1
Male,51,40,1551.298474264736,62128.420807878196,Monthly,DSL,UPI,0,0,0
Male,43,2,1163.073754718458,2340.483285106864,Monthly,DSL,Credit Card,7,0,1
Female,58,41,1585.4454323463788,64969.594295036935,Monthly,Fiber,Cash,2,0,0
Male,66,12,1158.4210556693379,13945.66409312412,Yearly,Fiber,Credit Card,3,0,0
Female,20,35,1619.396593330574,56680.43119694262,Monthly,Fiber,UPI,4,0,0
Male,23,65,2619.8022716784294,170286.96939071943,Monthly,DSL,Credit Card,0,0,0
Female,22,55,1898.2137018676583,104323.782059305,Monthly,Fiber,Cash,5,1,0
Male,22,45,2174.5651865874734,97833.33660162539,Monthly,None,Credit Card,9,0,0
Male,64,62,1283.6108258327088,79532.08407079929,Yearly,Fiber,Debit Card,5,0,1
Female,40,49,2292.9658719784006,112258.46690806089,Monthly,Fiber,Debit Card,1,0,0
Female,66,25,2098.8661291743056,52443.67315551406,Monthly,Fiber,Cash,9,0,0
Female,26,23,621.8173939305524,14219.764486287826,Monthly,Fiber,Credit Card,5,0,0
Male,52,24,1845.1357034120783,44234.62288943492,Monthly,Fiber,Cash,7,0,1
Female,37,38,992.2074400363466,37622.38604561779,Monthly,Fiber,Credit Card,5,0,1
Male,66,28,2470.058308010701,69081.82094941089,Monthly,Fiber,UPI,3,0,1
Male,59,21,1449.0318128607366,30369.47032895851,Yearly,DSL,Debit Card,3,0,0
Female,52,54,2984.6472460305154,161270.92113454512,Monthly,DSL,UPI,8,0,0
Female,67,18,548.7511824352023,9777.958112405091,Monthly,Fiber,Credit Card,5,1,0
Male,35,36,2405.939229398428,86641.54678556748,Monthly,DSL,UPI,7,0,0
Male,34,45,2117.9946805638224,95238.00936497732,Yearly,DSL,Cash,7,1,0
Female,41,53,2371.2468425949046,125760.2082848721,Monthly,None,Cash,6,0,0
Female,20,30,1129.3304478242321,33798.64001339369,Yearly,DSL,Credit Card,2,0,0
Female,49,60,1627.5471213324815,97743.83991737413,Monthly,Fiber,Debit Card,9,0,0
Male,52,32,2449.5730032540127,78408.5213816251,Yearly,DSL,Cash,0,0,0
Male,55,67,926.8615953763085,61999.98050559576,Monthly,DSL,Debit Card,4,0,0
Male,30,67,909.2896313293606,61001.20673865052,Yearly,Fiber,Credit Card,9,0,0
Male,64,28,1786.8375738963173,50035.79442937027,Monthly,None,Debit Card,9,1,1
Male,42,44,1712.6216647306105,75307.88719521296,Monthly,Fiber,Credit Card,1,0,0
Male,26,41,1061.1086701149188,43558.9113102148,Yearly,None,UPI,9,0,0
Female,21,63,1103.8042564170214,69625.00126504972,Monthly,DSL,Credit Card,1,0,0
Male,31,23,1049.181940657727,24127.922799757078,Yearly,DSL,UPI,6,0,0
Male,54,48,2382.0825673959166,114303.0739298926,Monthly,DSL,Credit Card,2,0,0
Male,51,32,2059.1323370186437,65950.02380938358,Yearly,DSL,Cash,7,0,1
Female,28,57,2546.5263952076825,145188.3616263956,Yearly,DSL,Cash,8,0,1
Male,58,33,2932.777176447859,96859.3973195294,Yearly,None,Debit Card,7,0,1
Male,20,24,1579.2435999343634,37940.34920097696,Yearly,DSL,Credit Card,5,0,0
Female,45,39,479.0734797947119,18632.57137977367,Yearly,None,Credit Card,4,0,0
Male,46,34,428.84923811249564,14667.205945776657,Yearly,None,Credit Card,2,0,0
Male,26,56,1097.2956060333718,61369.521087310015,Monthly,None,Debit Card,2,0,0
Male,20,28,2816.8703912516175,78825.95950506665,Monthly,DSL,Cash,6,0,1
Male,42,37,1711.6752484213623,63336.02311313518,Yearly,DSL,Credit Card,4,0,1
Male,51,7,1032.8235934163488,7242.913559128622,Yearly,Fiber,Debit Card,5,0,0
Female,29,68,1376.7503451797527,93522.08558954856,Yearly,DSL,Credit Card,5,0,0
Female,59,37,1915.2067899926112,70918.76577489081,Yearly,Fiber,UPI,8,0,0
Female,26,56,2061.964076972174,115442.30977412683,Yearly,Fiber,Credit Card,0,0,1
Male,32,65,714.5826764138435,46429.15767510025,Monthly,Fiber,UPI,7,0,1
Male,57,65,2936.985526671975,190965.93314256577,Monthly,None,Debit Card,9,0,1
Male,42,47,1769.8850128535298,83160.45228246141,Monthly,None,Debit Card,4,0,0
Female,22,20,665.3584580391541,13216.614136082035,Monthly,DSL,Cash,5,0,1
Male,28,19,2711.815184034561,51459.77645075072,Monthly,DSL,Credit Card,5,0,0
Male,51,29,500.52376391445773,14606.36978799691,Yearly,DSL,Debit Card,0,0,0
Female,41,60,2749.8856695792842,164907.22124723755,Yearly,DSL,Cash,2,0,0
Male,32,18,2989.7272719802527,53786.07713583815,Monthly,Fiber,Credit Card,5,0,1
Female,55,35,2190.1658577225608,76656.4408536999,Monthly,Fiber,Debit Card,8,0,1
Female,25,43,2379.207496899772,102304.57853215792,Monthly,Fiber,UPI,5,0,0
Female,22,11,1209.7176584622132,13207.686231686774,Monthly,DSL,Debit Card,5,0,1
Male,65,49,2841.257502381621,139221.85016299092,Monthly,DSL,UPI,0,0,0
Male,43,38,1729.2277084925927,65687.407414314,Monthly,DSL,Cash,8,0,0
Male,35,64,2276.4488058133984,145787.1394391524,Monthly,None,Cash,3,0,0
Male,23,69,2794.0908329604545,192724.09929107013,Monthly,Fiber,Credit Card,1,0,0
Male,54,8,2931.9859351338723,23426.71832042288,Yearly,Fiber,Credit Card,0,0,0
Male,65,34,2548.651762811021,86638.05623259269,Monthly,Fiber,Credit Card,2,0,0
Male,30,48,1117.147268851481,53601.20761229128,Monthly,Fiber,Cash,2,0,0
Female,45,56,2908.6782946906224,162919.1506682052,Monthly,Fiber,UPI,4,0,0
Male,22,65,1994.9227343576438,129613.08030475641,Monthly,Fiber,Credit Card,0,1,0
Female,30,31,2811.7346861502915,87107.98958122185,Yearly,DSL,Credit Card,6,0,1
Male,34,4,2124.48356969875,8543.77646849517,Yearly,Fiber,Cash,0,0,1
Male,67,50,1128.5451969888454,56427.31795317791,Monthly,DSL,UPI,3,0,0
Male,57,69,1298.0662151856031,89549.59998301808,Yearly,DSL,Debit Card,5,0,0
Female,62,30,1785.2737981779394,53492.05455567363,Monthly,Fiber,Credit Card,0,0,0
Female,49,59,2432.0400722116815,143427.86970507164,Yearly,DSL,Debit Card,6,0,0
Female,46,67,1157.5528886189043,77458.15386482976,Monthly,Fiber,Debit Card,9,0,0
Female,68,45,1864.2741485623185,83810.62193907666,Monthly,DSL,Credit Card,6,1,0
Male,20,4,1232.1874826562841,4940.117669563185,Yearly,None,Cash,2,0,0
Female,57,26,2501.577392514789,65119.386831386204,Yearly,Fiber,Credit Card,3,0,1
Male,51,27,1559.165853173466,42054.91098870969,Yearly,None,UPI,5,0,0
Male,57,46,506.1516325027901,23248.52454030757,Monthly,DSL,UPI,6,0,1
Female,44,64,747.3418080001481,47752.99683413179,Monthly,None,Credit Card,3,0,0
Female,30,51,463.98260257300717,23640.838920344788,Yearly,DSL,Debit Card,9,0,0
Female,62,50,1647.117954238678,82263.34205284777,Monthly,Fiber,UPI,8,0,1
Female,50,6,586.1107028402134,3600.1843562936606,Monthly,None,UPI,8,0,1
Female,23,59,607.1779171360067,35858.119380649296,Monthly,Fiber,Credit Card,8,0,1
Female,41,15,2839.830302103618,42695.604293432916,Monthly,Fiber,Credit Card,9,0,1
Female,36,30,2655.1686948753495,79731.62547879618,Monthly,Fiber,Cash,5,0,0
Female,33,42,1519.6338113906882,63819.21819714853,Monthly,Fiber,Credit Card,1,0,1
Male,57,37,2960.6743662955555,109548.88855916563,Monthly,DSL,Credit Card,1,0,1
Female,45,42,299.5036260607904,12517.267503856634,Yearly,DSL,UPI,3,0,0
Female,50,35,1956.7445319381632,68478.46648640362,Monthly,None,UPI,8,0,0
Male,65,6,1963.3560789040491,11860.742048122856,Monthly,Fiber,UPI,2,0,0
Female,58,68,1534.0962508486982,104228.71574243865,Monthly,None,Debit Card,5,0,1
Male,30,18,1370.7595269225908,24746.3828452063,Monthly,None,UPI,1,0,0
Male,60,29,1528.5344657976405,44295.689068460095,Monthly,Fiber,UPI,0,0,0
Female,62,59,1419.3931774151372,83824.10002051236,Yearly,Fiber,Credit Card,4,0,0
Male,42,47,2271.329689202208,106840.67137377209,Monthly,DSL,Cash,7,0,1
Male,59,17,664.459674427867,11329.98744267412,Yearly,DSL,UPI,9,1,0
Male,53,22,832.6258955960514,18350.654460431662,Monthly,DSL,Cash,9,0,1
Male,44,68,786.3992166595438,53465.697600390726,Monthly,DSL,UPI,1,0,0
Female,55,69,1007.6705798274143,69596.37805300033,Yearly,DSL,UPI,9,0,0
Male,24,37,1717.197730710275,63628.63858796683,Monthly,Fiber,Cash,8,0,0
Female,22,49,599.2636178131906,29418.933632914166,Monthly,DSL,Credit Card,7,0,0
Male,60,13,2643.057097381561,34384.12961271164,Monthly,Fiber,UPI,2,0,0
Male,62,34,1101.8761345328753,37485.14715328203,Monthly,DSL,Cash,0,0,0
Male,68,53,737.8525661655112,39176.07998708883,Monthly,DSL,UPI,3,1,0
Male,48,51,2123.177535915257,108290.29508483237,Monthly,DSL,Debit Card,7,0,0
Female,40,3,401.83301161816206,1266.2710121042505,Monthly,None,Debit Card,2,0,0
Female,59,42,1972.9151251602434,82864.21230776508,Monthly,DSL,Debit Card,9,1,1
Male,27,32,2184.1357628265496,69804.83326544437,Yearly,DSL,Debit Card,1,1,1
Male,49,51,879.2746347441417,44819.795773732054,Yearly,DSL,Credit Card,6,0,0
Female,60,46,412.30299829781256,18954.826113233677,Yearly,None,Debit Card,3,0,0
Male,47,21,1280.842469082514,26826.015299730116,Monthly,DSL,Cash,5,0,1
Male,56,44,565.2044216532286,24789.4938185799,Yearly,Fiber,UPI,4,0,0
Male,48,11,613.4901941180101,6755.485125229501,Yearly,None,Cash,1,0,0
Female,35,68,985.5053249011344,66931.39082058835,Yearly,DSL,Debit Card,9,0,0
Female,53,1,1096.7633964922502,1057.352430070267,Monthly,Fiber,Credit Card,1,0,1
Female,19,63,1729.9199207578356,109033.87440293626,Monthly,DSL,Debit Card,8,0,1
Male,31,24,2130.6580908581354,51228.68061650885,Yearly,None,Debit Card,9,0,0
Male,30,13,1899.4815403494988,24736.83414065387,Monthly,DSL,Credit Card,1,0,0
Female,46,11,699.5729106816954,7793.827127189223,Monthly,Fiber,Credit Card,7,0,1
Female,29,51,763.6322876220913,38984.91426298254,Yearly,DSL,Credit Card,7,0,1
Female,56,17,2671.676974440869,45377.26745962563,Yearly,DSL,Credit Card,0,0,0
Female,19,24,1806.5512506731068,43391.640524255636,Yearly,DSL,Credit Card,0,0,0
Male,49,19,2647.8321488237602,50349.242180690824,Yearly,Fiber,Credit Card,3,0,0
Female,30,37,1302.1755805636608,48154.841877778745,Monthly,Fiber,UPI,1,0,0
Male,63,8,1957.8800200645744,15566.582930638473,Monthly,DSL,Debit Card,0,0,1
Female,44,28,1712.891223347449,48001.594210683674,Monthly,DSL,Debit Card,8,0,1
Male,66,5,1160.633422515249,5707.507131631354,Monthly,Fiber,Credit Card,2,0,0
Female,58,17,1567.7715044907075,26678.353191954044,Monthly,Fiber,Cash,0,0,1
Female,34,36,1655.7253674327164,59538.836525326304,Monthly,Fiber,Credit Card,1,0,0
Female,57,19,841.0816318430323,15993.671710567221,Monthly,DSL,UPI,7,0,0
Female,48,64,1149.5280054171753,73570.57495177534,Yearly,Fiber,Cash,4,0,0
Male,51,11,2435.806326368834,26696.572318518414,Yearly,Fiber,UPI,6,0,1
Female,41,54,2771.6282465261434,149640.49847581075,Yearly,Fiber,Cash,5,0,1
Male,62,45,1270.4440525723085,57190.20059923314,Yearly,DSL,Cash,0,0,0
Male,52,47,1127.825161964349,53077.503922704156,Monthly,Fiber,Credit Card,5,0,0
Male,65,12,826.0323443440828,9990.116554896296,Yearly,Fiber,UPI,6,0,0
Male,23,21,2130.9261553565693,44746.2192564946,Monthly,None,Cash,3,0,0
Female,36,11,1171.3691944991106,12930.745636950103,Yearly,Fiber,UPI,7,0,0
Male,47,5,2965.923755567809,14792.909693145737,Yearly,Fiber,Credit Card,7,0,1
Male,24,56,1178.3489655726737,65955.97935322147,Yearly,None,Credit Card,6,1,1
Male,27,20,1363.167326313096,27202.239230098385,Monthly,Fiber,Credit Card,1,1,0
Female,58,41,1928.0023297724938,79060.48514267089,Monthly,DSL,Credit Card,5,0,0
Female,49,46,2463.5475916165233,113286.10204454555,Monthly,Fiber,Debit Card,5,0,1
Female,51,12,1566.700396433211,18717.278936486233,Monthly,DSL,Cash,6,0,0
Female,45,70,1440.1712912301875,100848.99160344577,Monthly,Fiber,Debit Card,5,1,1
Male,32,17,2987.2221507059826,50824.32720352278,Monthly,DSL,Credit Card,1,0,1
Male,47,19,327.33283107785,6191.322274234962,Monthly,Fiber,Cash,7,0,1
Female,54,26,2715.6762798983636,70522.92795724866,Monthly,Fiber,Cash,3,0,0
Male,46,48,701.680230037291,33665.910585270656,Yearly,DSL,UPI,8,0,0
Male,39,52,2420.9982457640663,125880.37587134149,Monthly,None,Credit Card,7,0,1
Male,21,70,1967.4152115850045,137752.79898792988,Yearly,Fiber,Debit Card,2,0,1
Female,37,55,1221.9876708448487,67172.40517471841,Yearly,DSL,UPI,2,0,0
Female,49,33,2658.4623799067494,87765.77839287899,Monthly,Fiber,Cash,7,0,1
Male,53,62,333.8495155486783,20772.967672369534,Yearly,DSL,Debit Card,1,1,0
Female,67,23,911.0647606022939,20901.986702325197,Monthly,Fiber,Credit Card,8,0,1
Female,21,15,1829.6105498737472,27539.94215933019,Monthly,DSL,Debit Card,3,0,1
Female,44,27,1248.1641021341848,33677.704385050354,Monthly,Fiber,Debit Card,5,0,0
Female,34,64,1947.0192373594846,124562.68292803642,Monthly,Fiber,Debit Card,2,0,0
Female,29,51,364.09752220340044,18553.27586887548,Monthly,Fiber,UPI,2,0,0
Male,39,53,613.4391123006237,32431.15244711383,Monthly,Fiber,Cash,2,0,1
Female,34,51,642.159848589786,32675.293459381508,Monthly,None,Debit Card,9,0,0
Male,27,47,810.0658439732255,38055.98147613527,Monthly,None,Cash,1,0,0
Male,18,4,1539.1948901614655,6209.268465033682,Monthly,DSL,UPI,7,0,1
Female,39,7,2329.747488767642,16388.294869288395,Monthly,Fiber,Credit Card,8,1,1
Male,43,35,2743.954862408033,96071.38378242441,Monthly,Fiber,Credit Card,7,0,0
Male,35,48,2554.5058317674643,122537.32383588591,Monthly,DSL,Debit Card,9,0,0
Male,67,45,830.5972537943456,37411.28037318166,Monthly,None,UPI,2,0,1
Female,31,19,1490.1064910227074,28339.108913572032,Monthly,DSL,Credit Card,6,0,1
Female,64,63,837.4113139480445,52818.06556238547,Monthly,DSL,UPI,9,0,0
Male,46,38,1013.0739050014151,38561.85812338421,Yearly,None,UPI,1,0,0
Female,29,67,1658.5768500820925,111198.289570656,Monthly,None,Debit Card,3,0,0
Female,53,59,482.89436675351084,28473.593941372957,Yearly,Fiber,Debit Card,5,0,0
Female,52,69,888.0706899018377,61316.45048229723,Yearly,Fiber,UPI,4,0,0
Female,69,13,2824.5210355292165,36672.423533664274,Monthly,DSL,UPI,8,0,1
Male,29,47,1557.5139901779203,73303.02479435895,Monthly,DSL,Debit Card,9,1,1
Male,24,61,1501.543620140255,91529.22767683092,Yearly,Fiber,UPI,3,0,1
Female,46,31,338.33131782845305,10390.29373901421,Yearly,Fiber,Debit Card,4,0,0
Female,28,22,966.9793170575336,21203.306718169377,Monthly,DSL,Cash,3,0,0
Male,50,43,2637.9895771518895,113488.72627544007,Yearly,DSL,UPI,7,0,0
Male,23,67,743.4967562984057,49803.63940729482,Yearly,Fiber,Debit Card,7,0,0
Female,64,54,1419.8373367437468,76660.71623372442,Monthly,DSL,UPI,2,1,0
Male,32,10,337.6934458409034,3467.9390423313675,Yearly,DSL,Debit Card,0,0,0
Female,49,42,1590.5058005105009,66885.17060304666,Monthly,DSL,UPI,5,0,0
Female,68,64,355.7569881607863,22730.686189851127,Monthly,Fiber,Credit Card,1,0,0
Male,28,21,2511.9457932776595,52692.67328458702,Yearly,DSL,Credit Card,1,0,0
Male,40,66,2526.1051722151797,166792.6378081886,Yearly,DSL,UPI,2,0,0
Female,43,41,2425.9039084163987,99543.26405928122,Monthly,Fiber,Credit Card,7,0,0
Female,51,24,1064.0829860060192,25546.311048704156,Monthly,DSL,UPI,2,0,0
Male,63,35,2559.5404891989087,89609.80186418522,Monthly,Fiber,UPI,6,1,1
Female,51,56,1765.0949580342271,98796.70050685518,Yearly,Fiber,Cash,9,0,0
Male,46,30,1308.2818939409067,39308.617355822906,Yearly,Fiber,Cash,9,0,0
Female,21,57,1987.390891201429,113307.70528417126,Yearly,Fiber,Credit Card,8,0,0
Male,34,47,332.3208243630098,15619.78144732106,Yearly,Fiber,Cash,7,0,1
Male,52,35,684.9943695220309,23886.82464448676,Monthly,DSL,Cash,0,0,0
Male,30,19,2303.1925530597096,43843.845500636715,Monthly,Fiber,UPI,6,0,1
Female,58,8,958.2363435336131,7688.981032345786,Monthly,None,Debit Card,6,0,0
Female,56,26,1913.624616787624,49692.778255416815,Yearly,DSL,UPI,7,0,1
Male,32,71,1338.7770276221802,95074.4461845714,Monthly,Fiber,Cash,9,0,0
Female,46,30,2606.975602758006,78244.76075358817,Monthly,Fiber,UPI,4,0,0
Male,46,7,2870.5213261909375,20098.803350673206,Monthly,DSL,Credit Card,9,0,1
Male,28,67,2684.6247665995143,179913.47970975866,Monthly,DSL,Debit Card,8,1,0
Female,69,65,1029.6739856727108,66945.09985831192,Monthly,Fiber,Cash,8,0,0
Female,49,36,823.2397464244222,29726.184787685626,Monthly,Fiber,Cash,7,0,1
Male,19,25,1579.9742127759844,39410.09473511947,Monthly,DSL,UPI,5,0,1
Female,64,37,318.80220725768675,11716.930810228321,Monthly,Fiber,UPI,5,0,0
Female,31,1,368.6853607305907,303.41968812145865,Monthly,None,UPI,0,0,1
Male,37,15,1792.8847269821001,26931.305118852368,Monthly,DSL,UPI,5,0,0
Male,39,37,1704.213391246272,63085.01465066203,Monthly,Fiber,Cash,3,1,0
Female,28,13,2984.371370395202,38875.23958717957,Yearly,Fiber,UPI,3,1,1
Male,44,8,843.9729554821469,6798.359134433955,Monthly,Fiber,Cash,1,0,1
Male,20,5,995.8806087332647,4981.074141179241,Yearly,DSL,UPI,3,0,0
Female,34,60,605.559734280974,36431.950415351166,Yearly,Fiber,Debit Card,4,0,1
Male,61,1,2776.3661260651106,2729.5877172989703,Monthly,Fiber,Debit Card,4,0,1
Male,45,36,2399.090360037817,86433.89129331849,Monthly,DSL,UPI,4,0,1
Female,46,35,2519.315600933488,88161.40410711087,Yearly,Fiber,UPI,3,0,0
Female,38,66,2736.4622275041734,180636.2540430506,Yearly,DSL,Credit Card,0,0,0
Male,64,63,1716.2299641597633,108167.94143615557,Yearly,DSL,Debit Card,9,0,0
Male,33,23,1517.221616916954,34922.848006528,Yearly,DSL,Cash,7,0,1
Female,54,9,1191.0569788971645,10647.6142706962,Monthly,None,Debit Card,2,0,0
Female,37,34,1889.87945873921,64244.491799282725,Monthly,DSL,Cash,1,0,0
Female,23,46,1525.5516713325208,70187.66455688259,Monthly,Fiber,UPI,8,0,0
Female,36,4,1518.2270838350528,6142.717087175931,Monthly,Fiber,Debit Card,6,0,1
Male,22,30,2828.705232074075,84849.88611198196,Monthly,Fiber,Debit Card,8,0,0
Female,20,3,2955.8850885536513,8951.404726621804,Yearly,DSL,Credit Card,1,0,0
Female,18,14,2449.5078511898682,34281.1847612632,Monthly,Fiber,Credit Card,8,0,1
Male,55,60,2342.2468436667064,140544.566591855,Monthly,None,Debit Card,9,0,1
Female,32,45,2136.507036803574,96202.0737927494,Yearly,DSL,Debit Card,8,0,0
Male,51,34,747.402101300487,25428.284981100987,Yearly,Fiber,Debit Card,8,0,0
Female,52,45,458.5857163642672,20728.40085086859,Monthly,DSL,Cash,9,0,0
Female,66,61,2163.9610508058104,132033.69126525725,Yearly,Fiber,UPI,9,0,0
Female,42,16,2266.7228000927553,36272.1066922976,Yearly,DSL,Credit Card,3,1,0
Male,41,66,425.82707596497744,28009.30540724467,Monthly,DSL,UPI,9,0,1
Male,29,40,2804.7397256178897,112172.33560423166,Monthly,Fiber,Credit Card,2,1,1
Female,35,17,545.0797265006294,9226.20503436273,Monthly,Fiber,Credit Card,5,0,0
Male,32,34,1070.9314411822465,36461.29013377388,Monthly,None,Credit Card,2,0,0
Male,61,16,2114.4524945565017,33772.89544793474,Monthly,DSL,Debit Card,8,0,1
Male,33,60,757.6560048920861,45400.404310983984,Yearly,None,Credit Card,2,0,0
Male,44,66,448.62289879406,29547.015129055435,Yearly,Fiber,UPI,1,0,0
Male,25,66,1193.0955207432044,78669.42749168274,Yearly,Fiber,Credit Card,7,0,1
Male,63,13,2367.1232521089837,30734.803678150965,Yearly,Fiber,UPI,5,0,1
Female,42,56,1415.932433260203,79369.40068546006,Yearly,DSL,Credit Card,7,0,0
Female,34,31,2062.026889151436,63977.81925815571,Monthly,Fiber,Credit Card,6,0,1
Male,46,34,1863.971562515969,63422.083368804306,Monthly,Fiber,Debit Card,2,0,0
Female,25,39,358.9899014690671,14060.07351842361,Yearly,DSL,UPI,7,1,0
Female,32,67,2968.057965023408,198813.76723443426,Monthly,DSL,Credit Card,9,0,0
Female,44,8,410.8558398123469,3364.3350566492727,Monthly,Fiber,Credit Card,0,0,0
Female,63,55,2912.0673916509095,160091.16721582835,Monthly,DSL,UPI,0,0,0
Male,67,27,1783.633281583875,48125.36774810775,Yearly,DSL,Credit Card,9,0,1
Female,69,53,2899.5293730756794,153692.4063968045,Monthly,Fiber,Cash,7,0,1
Female,24,39,608.8347184173557,23665.13503594527,Yearly,Fiber,Debit Card,8,1,0
Male,20,65,1623.1030018008857,105547.72115461287,Monthly,Fiber,UPI,9,0,1
Male,46,17,756.6610480383583,12840.687026292788,Yearly,DSL,Debit Card,5,1,0
Female,61,30,436.63216796059453,13155.846171939516,Monthly,DSL,Cash,4,0,0
Female,41,53,1966.3286106682413,104213.99562253371,Yearly,Fiber,Cash,1,0,0
Female,20,13,860.0152365965669,11116.372980640435,Monthly,Fiber,Cash,8,0,1
Female,37,21,1885.781949376374,39648.37329917493,Yearly,None,UPI,5,0,1
Female,63,19,602.3841012622612,11395.726715150751,Monthly,None,Cash,7,1,0
Female,32,53,1195.3634728682973,63352.42612227336,Monthly,DSL,UPI,8,0,0
Male,42,19,2409.4079067437674,45693.856881962965,Monthly,None,UPI,8,0,1
Female,47,57,1479.0391089739067,84328.80254239509,Monthly,DSL,Credit Card,7,0,0
Female,31,25,1993.9126202228083,49880.987058813465,Monthly,DSL,UPI,9,0,1
Male,24,31,2047.1364400129742,63436.964482396754,Monthly,Fiber,Cash,7,0,0
Male,34,55,2577.1386187656926,141833.5085881773,Yearly,Fiber,UPI,2,0,1
Male,61,23,1176.2915448979315,27129.539316948838,Yearly,Fiber,UPI,2,0,0
Male,37,32,2154.6980189727974,68991.92479027751,Monthly,DSL,Debit Card,1,0,0
Female,53,62,2895.362679024647,179555.21651442687,Yearly,None,Cash,0,0,0
Female,26,10,2270.6570027662437,22657.050370650868,Monthly,DSL,UPI,3,0,1
Female,55,54,1621.6502871379103,87600.47855166486,Monthly,Fiber,Credit Card,1,0,1
Female,65,52,2001.9371001282088,104040.37045971396,Monthly,Fiber,UPI,1,1,0
Female,39,20,2296.143823960392,45851.67712399181,Monthly,Fiber,UPI,4,0,1
Female,19,32,1952.1445673734556,62568.519734791094,Monthly,Fiber,Debit Card,3,0,1
Male,41,14,344.02469642256574,4840.820936210555,Yearly,DSL,Cash,0,1,1
Female,25,50,824.8884437555098,41230.61976230693,Monthly,None,Cash,8,0,0
Male,28,28,2487.2641864817583,69601.03012606602,Monthly,Fiber,Credit Card,3,0,1
Male,30,53,1035.1567477437086,54884.091719149,Monthly,Fiber,Credit Card,4,0,0
Female,34,24,2274.2177228150613,54491.14404920549,Yearly,DSL,Credit Card,6,0,0
Male,25,22,1303.7245811525863,28600.87698345786,Monthly,Fiber,UPI,1,0,0
Female,38,30,1708.0876860264466,51149.201920341475,Yearly,None,UPI,7,0,1
Male,35,63,482.52790951239,30399.0922659331,Yearly,Fiber,Credit Card,1,0,0
Female,47,4,788.3090148342158,3173.3573851742995,Yearly,Fiber,Cash,9,0,0
Male,35,59,2883.4318015019335,170034.97224088563,Yearly,Fiber,Cash,4,0,0
Female,63,8,2702.3727443066678,21663.226847953127,Monthly,Fiber,Credit Card,1,0,1
Female,64,12,2060.1427994274354,24667.792607432137,Yearly,DSL,Debit Card,1,0,0
Female,48,31,1540.040412941491,47778.2930919402,Monthly,Fiber,Cash,3,0,0
Female,55,34,2123.5554908171043,72297.26611578859,Yearly,Fiber,Cash,3,0,0
Female,49,49,1969.2477805536353,96531.3624211389,Yearly,DSL,Credit Card,7,0,0
Male,28,57,1834.0910901324526,104619.83074813451,Yearly,Fiber,Cash,5,0,0
Male,62,26,458.7780940315629,12017.870146169247,Monthly,Fiber,UPI,9,1,0
Male,42,18,2007.5670487860687,36133.557087819696,Monthly,DSL,UPI,7,1,1
Female,50,38,2375.0841203421546,90293.66156888581,Yearly,DSL,Cash,6,0,0
Male,55,50,2983.020467543054,149221.4172278639,Monthly,None,UPI,9,0,0
Female,58,8,328.9120920046361,2602.618518611966,Monthly,Fiber,Debit Card,3,0,1
Female,25,41,2270.468323938827,93041.48074480398,Monthly,Fiber,Cash,1,1,0
Male,28,6,1842.8311530271474,11146.306632718552,Yearly,Fiber,Credit Card,8,0,1
Male,39,69,1470.9408754185831,101540.181103956,Monthly,Fiber,UPI,1,0,1
Female,68,44,643.4394713427014,28255.273165754028,Monthly,DSL,Debit Card,0,0,0
Male,41,64,1403.5299013141657,89815.73036264183,Monthly,DSL,Debit Card,7,0,0
Female,58,29,1255.8183940625654,36478.02378172196,Monthly,DSL,UPI,9,0,0
Female,34,28,1116.640700242604,31275.3522049766,Yearly,Fiber,Debit Card,8,0,0
Female,29,11,2272.374982969961,25026.11523230275,Yearly,DSL,Cash,0,0,0
Female,63,65,2190.9589074675123,142463.0826257973,Yearly,None,Debit Card,6,0,1
Female,49,19,1889.3542456484613,35922.13250508256,Monthly,Fiber,UPI,1,0,0
Male,32,9,2833.3949958921053,25508.570827413387,Yearly,DSL,Debit Card,5,0,0
Male,33,27,1243.606837288307,33627.30746366185,Monthly,None,UPI,4,0,0
Female,39,34,957.2652318174847,32592.53048888092,Monthly,DSL,UPI,0,0,0
Female,45,44,2069.9389453656786,91103.2880761265,Monthly,DSL,Debit Card,1,0,1
Male,37,68,835.797964530988,56806.219470783566,Monthly,Fiber,UPI,1,0,0
Male,50,15,1149.5283693952465,17224.08795936875,Monthly,Fiber,UPI,9,0,0
Female,27,51,905.426588202189,46270.843708088454,Monthly,Fiber,Credit Card,9,0,1
Male,57,13,485.7146328399533,6236.767413377698,Monthly,DSL,Cash,5,0,0
Female,49,49,2533.246602416318,124082.78450185017,Monthly,Fiber,UPI,0,0,0
Male,67,70,986.2594658884851,69036.64296403484,Yearly,DSL,Cash,3,0,0
Female,50,56,1576.1742590261558,88333.10444269348,Monthly,DSL,Credit Card,9,0,0
Male,19,51,415.95123778664225,21146.248259864704,Yearly,DSL,Credit Card,4,0,0
Female,50,37,2187.2165588821363,80882.40360226396,Monthly,Fiber,Credit Card,1,0,0
Male,50,17,1191.5147062269853,20168.909649417797,Yearly,Fiber,Credit Card,1,0,0
Male,58,58,2309.7891651388672,134008.96863126446,Yearly,DSL,Cash,6,0,1
Female,30,29,1412.4882632632384,40909.80152172904,Yearly,DSL,Debit Card,6,0,1
Male,47,33,827.5401372951865,27286.55948087534,Yearly,DSL,Debit Card,5,0,0
Female,50,60,1684.572722161497,101063.10361909575,Monthly,Fiber,Cash,0,0,0
Male,30,55,651.3623110210874,35903.189893281095,Monthly,DSL,UPI,2,0,0
Female,69,10,1488.4557316570858,14866.823374637106,Monthly,DSL,Cash,8,0,1
Male,43,47,1155.7247890353137,54248.11008864279,Monthly,DSL,UPI,9,1,1
Female,39,23,2761.2908773390095,63514.55316646524,Monthly,DSL,UPI,0,1,0
Male,56,21,463.50754864594387,9826.250120494547,Yearly,DSL,Debit Card,1,0,0
Female,19,13,2172.847018085504,28268.54836332171,Monthly,Fiber,Credit Card,7,0,0
Male,55,33,792.4281481660769,26246.80633357265,Monthly,Fiber,Debit Card,6,0,0
Female,56,24,1160.4217006970475,27918.342278516913,Yearly,DSL,Debit Card,8,0,0
Female,43,11,1420.887970267578,15536.96082418604,Yearly,Fiber,Cash,9,0,0
Female,63,17,2750.6407413124302,46792.572521386726,Yearly,DSL,Cash,3,0,0
Male,67,68,953.9613183993279,64826.72302666587,Yearly,DSL,UPI,3,1,0
Female,32,47,545.5337668706096,25652.010414047596,Monthly,None,Cash,6,0,0
Male,51,25,1159.4619307744138,28942.41730754659,Monthly,DSL,UPI,0,0,0
Female,59,21,581.62512044594,12183.901612685797,Yearly,Fiber,UPI,9,0,0
Male,61,12,646.2105120934918,7839.159887472738,Yearly,Fiber,Credit Card,8,0,1
Female,66,37,1848.3966145325721,68332.00337468351,Yearly,DSL,Credit Card,1,1,0
Male,57,42,463.435219368632,19539.10103708771,Monthly,Fiber,Debit Card,0,0,0
Male,28,17,382.5133797626283,6408.81901757878,Yearly,DSL,Credit Card,6,0,0
Female,20,48,2227.9180739703443,106858.24285825045,Monthly,DSL,UPI,5,0,1
Male,23,28,1275.4471560708203,35783.455378259816,Monthly,Fiber,Cash,2,0,0
Male,26,41,637.5134429314578,26164.16236637161,Monthly,Fiber,Credit Card,0,0,1
Female,23,47,983.7544813212122,46285.90784970488,Monthly,DSL,Credit Card,4,0,0
Male,26,18,2032.6335698514774,36529.28779149096,Monthly,None,Credit Card,9,0,1
Male,56,71,1042.948731280298,74056.77661201918,Monthly,Fiber,Credit Card,3,0,0
Male,48,13,1634.2070378251015,21292.13533644058,Monthly,None,UPI,4,0,1
Female,49,13,627.5773281620152,8183.96809350825,Monthly,DSL,UPI,0,0,0
Male,58,31,1886.852821534707,58486.77722095416,Yearly,None,Debit Card,0,1,0
Female,67,2,1152.409746376813,2396.776250041169,Yearly,Fiber,Cash,4,0,0
Male,29,16,1991.8147732275347,31904.267838331245,Monthly,Fiber,Debit Card,5,0,0
Male,25,9,2481.6661822208616,22416.545800036005,Monthly,DSL,Debit Card,4,1,1
Male,25,38,1950.4453323529794,74162.87673172796,Yearly,None,Credit Card,1,1,0
Female,67,54,1097.5184190065556,59313.08733207354,Monthly,Fiber,Cash,8,0,1
Male,45,56,989.5079941804111,55328.45132805456,Monthly,DSL,Credit Card,4,0,0
Male,37,45,1183.0365885803096,53208.53941048472,Monthly,None,UPI,4,0,0
Female,64,34,743.4753857385631,25349.836996455077,Yearly,Fiber,Debit Card,9,0,0
Male,24,9,788.1639972950543,7039.99674808524,Monthly,DSL,Cash,8,0,0
Female,28,8,2433.8659751304535,19394.028974274923,Monthly,None,UPI,2,0,0
Female,37,7,1337.7779565701014,9329.666907318468,Monthly,Fiber,Debit Card,4,0,0
Male,33,36,1476.1869875405819,53086.81912843947,Monthly,Fiber,Cash,4,0,0
Female,21,18,1902.9335570303901,34337.86166550565,Monthly,DSL,Debit Card,1,1,0
Male,23,3,1891.0644369091785,5746.786639127961,Monthly,Fiber,Cash,3,0,1
Female,39,28,480.9175531091995,13465.628133114167,Monthly,Fiber,Debit Card,1,0,0
Female,43,70,2544.160123111697,178003.47739271555,Yearly,None,Credit Card,4,0,0
Male,20,44,777.7816937046364,34265.30699222263,Yearly,DSL,Debit Card,9,1,0
Female,58,21,2251.293417334106,47301.84411028348,Yearly,DSL,Debit Card,1,0,0
Female,59,28,2385.2116679460496,66880.0376366351,Yearly,DSL,Cash,9,0,1
Female,31,54,2229.2287420465473,120390.14271856763,Monthly,Fiber,Cash,8,1,1
Female,28,54,1862.239645696192,100528.21961227496,Yearly,Fiber,Credit Card,9,0,1
Female,35,65,338.4442921939837,22002.683331324653,Monthly,Fiber,Cash,5,0,0
Male,29,21,1272.0138293805608,26808.143075272677,Monthly,Fiber,Debit Card,7,1,1
Female,40,13,1932.0664592789692,25156.136457133205,Yearly,DSL,Cash,8,1,0
Male,29,57,1345.1184989908545,76706.14967006411,Yearly,DSL,Cash,7,0,0
Female,30,49,2630.395716264595,128837.52641491033,Yearly,DSL,Cash,4,0,0
Male,42,54,1132.7661434439615,61218.09224948604,Monthly,Fiber,Credit Card,4,0,0
Male,62,10,1091.543939638383,10965.493762278185,Yearly,Fiber,Credit Card,5,0,0
Female,68,53,1017.1937713501766,53874.72767831454,Yearly,DSL,UPI,0,0,0
Female,36,44,1197.5083461941479,52687.10999902065,Monthly,DSL,Credit Card,7,0,0
Female,63,47,1803.9934036483053,84746.61063805844,Monthly,Fiber,Credit Card,1,0,1
Male,53,53,2207.9412945359954,116972.62962447261,Monthly,DSL,Credit Card,5,0,0
Female,62,46,2087.93337789472,95950.11459720701,Yearly,Fiber,Debit Card,8,0,0
Male,25,13,2479.838113949995,32194.937830280604,Monthly,Fiber,UPI,2,0,0
Male,46,37,2690.967787843047,99576.6021401684,Monthly,DSL,Debit Card,1,0,0
Male,49,24,2502.4134143270485,59958.24218135897,Monthly,Fiber,Credit Card,9,0,0
Female,68,2,350.15258911075733,656.9489949834482,Monthly,DSL,Credit Card,4,0,0
Female,61,14,2285.97847459037,32079.980710729826,Yearly,Fiber,UPI,8,0,0
Male,35,10,861.6788487694954,8635.518204716425,Monthly,Fiber,UPI,5,0,0
Male,23,35,657.9057153115532,23048.27260072056,Yearly,Fiber,Cash,7,0,0
Female,35,25,2022.919718957666,50553.66583494692,Yearly,None,Credit Card,7,0,1
Male,36,3,1162.3066276007762,3522.2143115008107,Yearly,DSL,Credit Card,6,0,1
Female,39,17,453.2163411001968,7642.664351949417,Monthly,None,Debit Card,4,0,0
Male,54,12,670.6002828755757,8110.952756583746,Monthly,DSL,Cash,1,0,1
Female,49,54,301.50942554889485,16204.846803627503,Monthly,DSL,Credit Card,9,0,1
Male,58,24,2737.70379383071,65736.09132286767,Monthly,Fiber,Debit Card,9,1,1
Female,20,29,365.4685563713442,10566.817999932919,Monthly,Fiber,UPI,4,0,0
Male,45,43,864.5305776756799,37224.31743417073,Yearly,Fiber,Debit Card,6,0,0
Female,27,25,1422.9095078573498,35582.69060668695,Monthly,Fiber,Credit Card,6,0,1
Female,68,60,1261.7425800672115,75695.02541172843,Monthly,DSL,Debit Card,1,0,0
Male,52,65,2760.6598676644944,179376.7758786108,Monthly,Fiber,Debit Card,6,0,0
Male,46,28,407.7801534832637,11445.208590388253,Monthly,Fiber,Cash,5,0,0
Female,32,16,1681.9797107280392,27006.62934033271,Yearly,Fiber,Cash,6,0,0
Male,50,47,2136.29454881581,100470.96447932447,Monthly,Fiber,UPI,7,0,1
Female,24,58,2814.584528939156,163157.90431698883,Monthly,DSL,Cash,3,0,1
Male,29,27,1974.0023807340467,53273.310155491505,Yearly,None,Debit Card,0,0,0
Female,66,53,2469.1391372317594,130949.49087512131,Monthly,Fiber,Cash,7,0,1
Female,47,42,525.0573321824406,22053.01670117391,Monthly,Fiber,Credit Card,7,0,1
Female,38,59,1341.0366795297039,79153.58645741416,Monthly,Fiber,Debit Card,2,0,0
Female,48,47,1308.657263093482,61589.411234511936,Monthly,None,Debit Card,2,0,1
Female,41,34,2691.9781844304375,91602.01720871885,Monthly,Fiber,Debit Card,4,0,1
Female,37,37,707.7021624108423,26185.34408430927,Monthly,DSL,Credit Card,2,1,1
Male,54,6,709.0926653089017,4242.085252384931,Yearly,DSL,Debit Card,4,0,0
Male,21,7,1186.1070046916557,8270.687556537507,Monthly,Fiber,Cash,7,0,1
Male,45,25,446.05832789046144,11195.262085894114,Yearly,Fiber,Credit Card,0,0,0
Female,61,33,791.6367097617231,26081.40878203117,Yearly,Fiber,Debit Card,1,0,0
Female,37,55,2905.066024073485,159728.60884532786,Monthly,None,Cash,1,0,0
Female,41,58,1455.0966376413667,84366.85496212002,Monthly,DSL,Cash,3,0,1
Female,67,7,2005.4518627405782,13973.606050559807,Monthly,DSL,UPI,8,1,1
Male,66,57,2259.5004002305195,128830.54677632877,Yearly,DSL,Cash,1,0,1
Male,68,12,1289.7957989194413,15500.797716899418,Monthly,DSL,Cash,8,0,0
Female,49,16,696.5131009083958,11140.785321357502,Yearly,DSL,UPI,6,0,0
Male,58,43,856.7687437988083,36819.12113920107,Monthly,Fiber,UPI,9,0,0
Male,53,7,1144.819486767648,8095.5489159528815,Yearly,Fiber,Credit Card,7,0,1
Female,51,51,2016.3847349510092,102741.4462394993,Monthly,Fiber,Cash,0,0,1
Male,53,32,1374.3574825404469,44033.26098999576,Monthly,DSL,Credit Card,4,0,1
Female,19,8,317.3996843303459,2619.579388992545,Monthly,Fiber,Credit Card,8,0,1
Male,32,45,1712.199399682174,77038.24390158382,Monthly,DSL,Debit Card,3,0,0
Female,51,59,2787.0861581500285,164448.2214291458,Monthly,Fiber,Credit Card,1,0,0
Female,53,4,2491.6095497234332,10055.33093647014,Yearly,None,Credit Card,5,0,0
Female,23,67,2527.070702401004,169256.19256392436,Yearly,Fiber,Credit Card,1,0,0
Female,56,29,2445.656647536554,70928.069748117,Yearly,Fiber,Credit Card,2,1,0
Male,59,29,1173.073229148144,34014.06787072182,Monthly,None,UPI,7,0,1
Female,68,28,2365.0233511368583,66172.33236140611,Monthly,Fiber,Cash,2,1,0
Female,68,44,685.5356660902211,30227.287954044346,Monthly,None,Debit Card,1,0,1
Female,29,4,2074.8335976450744,8379.254509532944,Monthly,Fiber,UPI,5,0,1
Male,20,9,2031.235130049485,18337.502686403008,Monthly,Fiber,Debit Card,2,0,1
Female,62,5,368.0384575422836,1779.2640798811397,Monthly,DSL,Debit Card,0,1,1
Male,35,56,2426.5193606955154,135802.43392604915,Monthly,None,UPI,2,0,0
Female,57,50,2737.7698837568523,136909.5830849037,Monthly,Fiber,Credit Card,5,0,0
Male,38,15,1021.0212518746907,15226.737730222338,Monthly,None,UPI,2,0,0
Male,32,32,2492.4549553026072,79793.12374739505,Yearly,DSL,Debit Card,8,1,1
Female,50,28,521.4961240272602,14607.976316828734,Monthly,DSL,Debit Card,6,1,0
Male,52,22,1918.9132173048783,42248.647927256054,Yearly,Fiber,Credit Card,4,1,0
Female,43,17,1610.2465364025484,27392.225273573273,Yearly,Fiber,UPI,1,1,0
Female,25,59,1772.9935399343,104591.15937002914,Monthly,None,Cash,8,0,0
Female,53,71,2799.754045087732,198722.712637257,Monthly,None,Debit Card,4,0,1
Male,65,57,2651.5511675665043,151099.55697845283,Monthly,DSL,UPI,6,0,0
Male,47,26,2418.725874547344,62891.77285307474,Yearly,Fiber,Credit Card,8,0,0
Female,40,25,1037.9858357316016,25980.01951201956,Monthly,Fiber,Credit Card,3,0,0
Female,59,10,2760.9102974524476,27664.99957790138,Yearly,DSL,Cash,8,1,1
Male,61,45,562.2707696524632,25355.618778050655,Monthly,Fiber,Debit Card,0,0,0
Female,31,11,2602.9888847087273,28727.415480448217,Yearly,Fiber,Cash,5,0,0
Female,31,53,1185.032195354741,62763.87464353395,Yearly,Fiber,Cash,1,1,0
Female,19,68,444.18524148735514,30118.81856278284,Monthly,DSL,Cash,7,0,0
Male,54,28,2106.2638574500206,58944.51939570895,Monthly,Fiber,Cash,4,0,0
Male,22,65,923.4558064530797,60073.286314494995,Monthly,DSL,Credit Card,2,0,0
Male,55,49,956.6420398345061,46863.08228209746,Monthly,DSL,Debit Card,1,0,0
Female,62,47,1125.327348817683,52953.94308054899,Monthly,DSL,Cash,7,0,0
Female,58,52,470.9488722567952,24499.206630390552,Yearly,Fiber,Debit Card,6,0,0
Female,64,54,777.2432893352859,42057.09596863154,Monthly,Fiber,Credit Card,8,0,0
Male,31,60,312.87699448101284,18862.192357260585,Yearly,DSL,Credit Card,7,1,1
Female,56,57,1501.6057069856245,85505.38619938435,Yearly,DSL,UPI,3,0,0
Female,42,47,526.4895190285224,24736.290082283038,Monthly,DSL,UPI,1,0,0
Female,37,31,2142.1620336193373,66428.96085444938,Yearly,None,Debit Card,1,1,1
Female,19,46,935.1816982174506,42969.532626165164,Monthly,DSL,UPI,1,0,0
Male,56,26,2846.6501888949783,73994.32026714523,Yearly,DSL,Cash,5,0,0
Male,23,5,2651.379393976362,13292.433278105349,Monthly,Fiber,Debit Card,6,0,1
Female,34,52,1080.4904164141622,56130.84849891611,Monthly,Fiber,Credit Card,5,0,0
Male,42,54,2413.6817275730327,130359.20955953866,Monthly,DSL,Credit Card,1,0,0
Male,45,33,2467.761242594977,81475.6105712671,Monthly,Fiber,Cash,3,0,0
Female,19,50,2962.720408108908,148054.11966766458,Monthly,DSL,UPI,2,0,1
Female,52,38,1913.1679644833494,72699.88851357276,Monthly,Fiber,Debit Card,3,0,0
Male,54,27,520.307483537888,14000.918061507813,Monthly,DSL,Debit Card,4,0,0
Female,22,15,2045.4605181012287,30726.78504271804,Yearly,DSL,Cash,6,0,1
Male,18,61,1986.445320615295,121111.07565924039,Monthly,DSL,UPI,8,0,0
Female,57,21,2022.5465590351657,42551.9253228461,Monthly,None,Debit Card,1,1,0
Male,29,46,1128.2932498813711,51887.67776184674,Yearly,Fiber,Cash,7,0,1
Female,53,69,2620.134879716899,180728.90730652754,Yearly,Fiber,Debit Card,2,0,0
Male,62,6,2889.574893979612,17325.05372314774,Yearly,Fiber,Credit Card,8,0,0
Male,40,38,886.8237850410092,33681.05258412005,Monthly,None,Debit Card,9,0,0
Male,64,62,537.01082696894,33280.45506397302,Monthly,DSL,Debit Card,3,0,0
Female,48,62,824.2445895549071,51120.27681110373,Monthly,DSL,Debit Card,2,0,0
Male,28,46,2514.490775990441,115670.81044054299,Monthly,Fiber,UPI,9,0,0
Male,27,13,2125.940514013588,27567.182108512825,Yearly,DSL,UPI,5,0,0
Female,20,3,2016.327824315642,5962.099287476253,Monthly,Fiber,Cash,9,0,1
Female,31,6,1383.8414647954462,8348.931878517986,Yearly,DSL,UPI,8,0,1
Male,33,8,1859.1355230808765,14885.027671832675,Monthly,DSL,Debit Card,6,0,1
Male,27,44,1130.260138240792,49703.2462362107,Yearly,DSL,Debit Card,3,0,0
Female,46,33,1587.4402144284954,52447.19864063997,Monthly,DSL,UPI,2,0,1
Female,27,50,2440.270176600771,121991.12052489074,Yearly,DSL,UPI,9,0,0
Female,29,11,2948.352313129748,32491.06846234735,Yearly,DSL,Debit Card,3,0,1
Female,47,28,2816.720093692465,78829.3138488915,Yearly,Fiber,Debit Card,2,0,0
Female,58,70,2820.4380456848717,197345.23225745006,Monthly,DSL,Credit Card,2,0,0
Male,18,41,1385.0040840872034,56871.69538633533,Monthly,Fiber,Cash,8,0,1
Female,22,16,1564.7326773683355,25014.633063749643,Yearly,Fiber,UPI,3,0,1
Male,37,68,2204.21557019625,149945.19728791487,Monthly,Fiber,Cash,8,0,1
Male,25,48,2788.9182057384673,133823.90270209088,Monthly,DSL,Debit Card,9,0,1
Male,60,56,682.3845002506285,38242.805036459926,Monthly,Fiber,Cash,4,0,0
Female,29,64,1120.4530323334284,71783.65624399096,Monthly,DSL,UPI,6,0,1
Male,18,59,674.9664804040957,39731.35114830964,Monthly,Fiber,UPI,4,1,1
Male,37,62,1951.4230308905294,121054.35506815003,Monthly,Fiber,Cash,0,1,1
Female,45,11,1126.0126915963515,12400.406208554252,Monthly,DSL,UPI,1,0,1
Male,60,18,1179.4912017839483,21252.335982892786,Monthly,Fiber,Credit Card,4,1,0
Male,54,19,490.47309061754396,9323.62032189453,Monthly,DSL,Debit Card,5,0,0
Female,64,55,1243.4493668804982,68464.61019908413,Monthly,DSL,Debit Card,6,0,1
Male,54,26,2627.7405699842802,68229.94149103841,Monthly,None,UPI,1,0,0
Male,29,6,928.2965921052544,5521.985230938695,Yearly,DSL,Debit Card,9,0,0
Male,54,4,2176.006158767177,8779.17714284054,Yearly,Fiber,Credit Card,8,1,1
Female,66,29,1998.9965313342002,58021.368549198196,Yearly,Fiber,UPI,5,0,0
Female,66,59,2630.4084425966116,155097.6271452358,Yearly,Fiber,Credit Card,1,1,0
Female,61,17,656.1774586578033,11158.418053824598,Monthly,None,Credit Card,1,0,0
Male,45,43,2938.4928929316166,126361.10893220204,Yearly,Fiber,Debit Card,2,0,0
Male,64,66,1872.097344308987,123538.60115141873,Monthly,Fiber,Debit Card,0,0,1
Female,32,34,2986.7802113363987,101510.00585184996,Monthly,Fiber,Cash,8,0,0
Male,23,8,2760.0897598377974,22117.063048784847,Monthly,DSL,Credit Card,9,0,1
Male,61,13,897.0966347053857,11603.814344110966,Monthly,Fiber,Debit Card,3,0,0
Female,37,8,450.63742673894535,3664.889126325904,Monthly,None,Credit Card,4,1,0
Female,67,65,989.2255532474761,64360.26839323944,Monthly,Fiber,Cash,6,0,0
Male,31,43,1723.4218522984336,74090.19193634721,Yearly,Fiber,Credit Card,0,0,0
Male,19,39,762.310191076013,29686.807054146437,Monthly,Fiber,UPI,2,0,0
Male,26,59,751.141310198569,44274.112938033715,Monthly,DSL,Cash,2,1,0
Female,54,44,1548.0025771839134,68108.57166089142,Monthly,None,Cash,1,0,0
Female,37,9,388.82352215726775,3543.3275443652815,Monthly,Fiber,Credit Card,7,0,1
Female,43,37,628.0978228371303,23211.39318317259,Monthly,Fiber,Credit Card,4,0,1
Female,46,36,1421.8256164014583,51207.73085954405,Yearly,DSL,Debit Card,0,0,0
Male,18,28,469.45075486150944,13121.118028238783,Monthly,Fiber,UPI,1,0,1
Female,52,42,1370.2386524299293,57510.9280398873,Monthly,Fiber,Cash,0,0,1
Female,23,43,1578.8169180608018,67794.09937979764,Monthly,Fiber,Cash,5,1,0
Female,54,42,1517.4198579974088,63632.416857038246,Monthly,Fiber,Cash,8,1,1
Female,22,66,2645.772114988336,174566.40112479657,Yearly,Fiber,Debit Card,6,0,1
Female,50,55,1730.1686286396775,95140.55583254246,Monthly,Fiber,UPI,4,1,0
Male,66,48,1562.5472486907172,75072.52017062683,Yearly,Fiber,Cash,2,0,0
Male,68,22,1407.9149625574987,31033.826024851056,Yearly,DSL,Cash,7,0,0
Female,31,27,2506.5831214221125,67631.17733091464,Yearly,Fiber,Debit Card,9,0,0
Male,29,67,2715.6528307995495,181897.64775216667,Yearly,DSL,Credit Card,3,0,0
Female,59,13,2602.7546668322175,33781.27508303283,Monthly,Fiber,Cash,8,0,0
Female,37,45,2117.5757609547554,95258.75671106977,Monthly,DSL,UPI,4,0,0
Male,67,10,669.8767141154204,6698.406885066542,Monthly,Fiber,UPI,5,0,0
Male,41,9,1046.5489176284332,9406.673813062214,Yearly,DSL,UPI,4,0,0
Female,60,54,423.37027194133907,22805.64932458861,Yearly,Fiber,UPI,9,0,0
Female,51,27,2812.225002473308,75856.16534876805,Yearly,None,Debit Card,6,0,1
Female,42,34,2083.156030165458,70729.82058812282,Yearly,Fiber,Cash,6,0,1
Male,67,1,2314.179787645752,2244.972435379053,Monthly,Fiber,Debit Card,0,0,1
Female,46,32,1140.243696872018,36528.869573943404,Monthly,None,UPI,1,1,1
Female,56,71,2582.2645101488242,183289.50793443565,Monthly,DSL,UPI,6,0,1
Female,48,67,999.928866012892,66988.95438488807,Yearly,Fiber,UPI,7,0,0
Male,64,20,303.4381442036142,6087.0231138569325,Yearly,None,Debit Card,3,0,0
Female,60,35,1315.3203988058735,46113.5821387719,Yearly,Fiber,UPI,5,0,0
Female,67,17,1840.0559985894981,31358.72299570015,Yearly,Fiber,Cash,9,1,0
Male,40,18,1591.5031165069108,28696.202843860665,Yearly,None,UPI,2,0,0
Female,61,45,2626.605584956812,118104.28272146624,Yearly,Fiber,Cash,6,0,0
Female,55,53,583.5942720816507,30945.510504144575,Yearly,None,Cash,2,1,0
Male,37,68,1794.323289711059,122071.30039451832,Monthly,Fiber,UPI,6,0,1
Female,40,65,1684.0442445164501,109366.33350252193,Yearly,DSL,Debit Card,7,0,0
Male,62,1,1058.7610518648403,1068.697974596156,Monthly,DSL,Credit Card,2,0,1
Male,69,58,2519.0159039579285,146174.47525871705,Yearly,None,Credit Card,1,0,0
Female,33,26,2331.691370881957,60618.79605809934,Monthly,DSL,Cash,5,0,1
Female,67,20,2277.7198057959436,45455.21735649836,Monthly,Fiber,Debit Card,3,0,1
Female,59,10,2664.7196913278012,26549.399584945135,Yearly,DSL,Credit Card,7,0,1
Female,25,59,2250.518421678107,132763.91408649107,Monthly,Fiber,UPI,1,0,1
Male,67,41,924.9714876297614,37854.832726303575,Yearly,DSL,UPI,3,0,0
Female,38,5,2204.019321454166,11052.98673868948,Monthly,None,Cash,1,0,0
Male,18,65,1129.7975961525785,73478.60360289883,Monthly,DSL,Debit Card,1,0,0
Female,25,17,952.8715559381704,16134.392410041024,Monthly,DSL,Debit Card,1,0,0
Female,46,22,496.10970082899377,10992.12007594276,Monthly,Fiber,Credit Card,0,0,0
Female,49,41,2307.877166938727,94611.34541348359,Monthly,DSL,Credit Card,3,0,0
Male,55,68,2218.7025972644906,150800.34579550376,Monthly,Fiber,UPI,1,0,1
Female,22,69,932.1485897200531,64371.10301029754,Monthly,DSL,Cash,8,0,0
Female,64,11,2322.3233451552214,25603.55169671079,Monthly,Fiber,Debit Card,8,0,1
Female,39,56,2777.1703843525934,155549.4006182783,Monthly,DSL,Credit Card,6,0,1
Female,64,51,590.6781852272641,30195.280557230977,Yearly,Fiber,Credit Card,5,0,0
Male,51,21,927.1189236442924,19516.971990936276,Monthly,DSL,Cash,2,0,0
Female,18,26,2324.7041440357516,60518.74889237493,Monthly,Fiber,Cash,6,0,0
Male,43,19,1040.1680184691113,19749.96996061021,Yearly,DSL,UPI,0,1,0
Male,60,60,1985.5927305660352,119185.083259582,Monthly,Fiber,Cash,8,0,1
Male,27,71,518.1434060520291,36888.13214237988,Yearly,DSL,UPI,3,0,0
Male,47,47,1519.9466935795544,71482.48083774299,Yearly,Fiber,UPI,5,0,1
Male,67,71,2294.5468393809733,162835.66235209652,Yearly,DSL,Cash,5,1,1
Male,35,26,2152.5876462167816,55970.942546122154,Monthly,Fiber,Cash,2,0,0
Female,34,40,2499.6946718246786,100005.25643123574,Yearly,DSL,Cash,3,0,0
Male,43,5,2668.1207418285558,13275.445844157057,Yearly,Fiber,Cash,9,1,1
Male,25,21,2386.5954533986474,50211.0828482072,Monthly,DSL,Cash,2,0,1
Male,64,4,2112.2869059351,8384.263579267325,Monthly,Fiber,UPI,5,0,0
Female,57,23,384.6507279032841,8782.47832571818,Monthly,Fiber,Credit Card,0,0,1
Female,66,15,1743.410018205499,26234.183700677397,Yearly,DSL,Debit Card,7,0,0
Male,29,8,400.78385727010254,3199.3119447851545,Monthly,Fiber,Debit Card,7,0,0
Female,44,41,2480.783106213261,101624.7450105986,Yearly,Fiber,UPI,8,1,0
Male,25,19,1164.9562160418855,22153.805604783527,Monthly,None,UPI,5,0,0
Male,42,46,1817.5593101183865,83628.09353517239,Yearly,None,Credit Card,0,0,0
Female,63,28,1053.502329761037,29410.965385046344,Monthly,DSL,Cash,2,0,0
Male,21,68,2411.750389826793,164093.53100734862,Monthly,Fiber,UPI,0,0,1
Female,50,15,2692.5568219331367,40397.15832205596,Monthly,Fiber,Debit Card,4,0,1
Female,18,37,1375.3347343752728,50899.34431632105,Monthly,DSL,Cash,2,0,1
Male,36,1,2628.89046247967,2632.913545380149,Monthly,Fiber,UPI,1,0,1
Male,48,67,1020.1025201320974,68369.01520477945,Monthly,None,Cash,2,0,0
Female,33,24,1742.5844923039142,41774.887765848696,Monthly,Fiber,Debit Card,8,0,0
Male,31,27,2617.6558605645005,70634.15650483649,Yearly,None,Cash,7,0,1
Male,65,40,1178.879625062634,47157.45282046458,Yearly,DSL,UPI,2,0,0
Male,22,63,2874.9141157108315,181180.92646073512,Monthly,DSL,UPI,1,0,0
Female,58,61,628.0746548097358,38222.52685869272,Monthly,Fiber,Debit Card,4,0,1
Female,43,36,348.3426882534668,12561.017619568855,Monthly,None,Credit Card,0,1,0
Male,45,24,2740.1654519611147,65825.32647556801,Yearly,Fiber,Credit Card,3,0,0
Female,19,24,484.35139859925505,11555.817020789567,Monthly,DSL,Cash,7,0,1
Female,67,4,2977.1008290582276,11811.407824629025,Monthly,DSL,UPI,0,0,1
Female,23,67,2867.7715273435865,192103.23499104858,Monthly,Fiber,UPI,4,1,1
Female,26,34,668.9564570980658,22762.14828268016,Yearly,Fiber,Debit Card,3,0,0
Female,50,57,1750.4784893699277,99704.93052876684,Monthly,DSL,Debit Card,5,0,0
Male,58,49,798.2848031612897,39101.17982909769,Yearly,Fiber,UPI,6,0,0
Male,42,53,1455.0189671813237,77126.46956008501,Monthly,DSL,Debit Card,8,0,0
Male,65,23,464.84784900154824,10711.277145987073,Monthly,Fiber,Credit Card,0,1,1
Female,30,69,903.5963870507917,62303.0330507047,Monthly,Fiber,Credit Card,9,0,0
Female,26,53,1279.836550277029,67811.34309187978,Monthly,DSL,Cash,3,0,0
Male,30,62,1483.348250664348,92023.25938700308,Monthly,DSL,Debit Card,5,0,0
Female,48,41,2938.2398971640114,120556.07872254861,Monthly,Fiber,Cash,9,0,0
Male,58,57,2480.2372433467494,141445.89893698838,Monthly,None,Debit Card,6,1,1
Male,28,60,2290.0068496422546,137413.26767888197,Monthly,None,Debit Card,6,0,0
Male,21,54,1749.0115498033306,94428.68224996864,Monthly,DSL,Credit Card,7,0,1
Female,51,70,2566.993953631727,179656.16807709515,Yearly,Fiber,UPI,9,0,0
Female,55,57,1215.17165627042,69189.77572063074,Monthly,Fiber,Debit Card,7,0,1
Male,63,10,2213.0276044879533,22051.58629432276,Monthly,DSL,Debit Card,7,0,0
Male,21,40,2982.2167335210647,119326.34086582532,Monthly,DSL,Debit Card,7,0,0
Male,55,7,1148.4980541250368,7991.44526210949,Monthly,Fiber,UPI,7,0,0
Male,36,38,2118.847344186712,80467.13141638154,Monthly,DSL,Cash,5,0,1
Female,23,61,2578.6501332114326,157397.29713679294,Monthly,Fiber,Cash,8,0,0
Female,51,3,2771.680475046815,8252.626616715204,Monthly,Fiber,Debit Card,2,1,1
Male,35,51,2237.4182655382747,114037.94349434978,Monthly,DSL,Debit Card,5,0,0
Male,30,47,1064.741393226268,49962.582527186576,Yearly,DSL,Cash,4,0,0
Female,58,68,1179.9618092361554,80253.36409709194,Monthly,Fiber,Cash,7,0,0
Female,40,38,355.04668673470337,13517.34686111915,Monthly,DSL,Credit Card,3,0,1
Male,36,36,2353.392139713076,84695.16261492211,Monthly,None,Debit Card,3,0,0
Male,62,41,414.3969363672687,16997.357058160313,Monthly,DSL,Cash,9,0,1
Male,28,69,2633.5613574274134,181773.4135686805,Yearly,DSL,Credit Card,9,0,1
Female,18,13,619.3836590812548,8115.608401720662,Monthly,Fiber,UPI,4,1,1
Female,41,58,763.0665827669955,44349.444215628864,Monthly,Fiber,Debit Card,5,0,1
Female,24,50,1585.6214712470407,79345.9271595366,Monthly,Fiber,Cash,3,0,1
Male,42,30,2291.2771209556045,68751.28191601162,Monthly,DSL,Debit Card,1,0,0
Male,38,62,674.3059540375098,41742.90054349297,Yearly,DSL,Credit Card,1,0,0
Female,32,25,1487.1919026795458,37099.75027852921,Monthly,Fiber,Cash,2,0,0
Female,18,27,1602.698440907283,43183.76028247881,Monthly,Fiber,UPI,1,0,0
Male,29,51,872.1712325051966,44514.0380241221,Monthly,Fiber,UPI,0,0,0
Female,24,57,611.0076170377057,34888.941422228825,Monthly,Fiber,Credit Card,7,0,0
Female,32,47,2557.3364920612266,120196.55191701447,Monthly,None,UPI,4,0,1
Male,38,39,1655.6572543594668,64481.57575498593,Monthly,DSL,UPI,9,0,1
Female,36,16,337.82933715721305,5412.363509433676,Yearly,Fiber,UPI,0,0,0
Male,46,22,2467.0495135345805,54362.23915006568,Monthly,DSL,UPI,8,1,1
Male,42,54,2947.143274619379,159165.25946763298,Monthly,DSL,UPI,7,0,1
Male,50,21,1935.0007276184676,40696.900777680385,Monthly,DSL,UPI,3,0,1
Male,66,16,1659.012645126991,26604.232851710207,Monthly,Fiber,UPI,7,0,1
Male,49,59,2670.7228302213966,157659.07280301856,Monthly,Fiber,Cash,9,1,0
Male,66,31,2870.7953321484165,89048.7010497309,Yearly,Fiber,UPI,6,0,1
Male,52,42,2336.2496729366435,98172.02636614165,Yearly,DSL,Cash,6,0,0
Female,61,32,1501.7229102825772,48001.9536620366,Monthly,DSL,Debit Card,0,1,0
Male,55,59,1897.9977781948892,111893.85394456268,Monthly,DSL,Credit Card,5,0,0
Male,43,34,2191.525485548598,74515.3864016631,Monthly,Fiber,UPI,3,0,1
Female,28,9,823.5386417048638,7336.734616933126,Monthly,Fiber,Credit Card,9,0,1
Female,52,11,1506.4427869843828,16663.309832083807,Yearly,Fiber,UPI,9,0,1
Female,25,10,2539.5174147366697,25353.159099893306,Monthly,None,Cash,9,0,1
Male,63,17,2066.758440945796,35205.48233675538,Monthly,Fiber,UPI,1,0,0
Female,31,68,1409.250981472006,95806.5916651369,Yearly,Fiber,Debit Card,9,0,0
Male,27,48,2090.0788418396396,100288.42325827418,Monthly,None,Credit Card,6,0,0
Male,19,52,618.2005125956416,32233.45836944869,Yearly,DSL,Credit Card,8,1,0
Male,63,25,1383.043548525166,34548.7532275464,Yearly,DSL,Debit Card,4,0,0
Male,26,21,2440.447052500252,51227.445684237915,Monthly,Fiber,Cash,7,0,0
Female,20,65,894.3737252689497,58055.51049840431,Monthly,DSL,Cash,4,0,1
Female,38,63,801.0960704050278,50503.14176857325,Yearly,Fiber,Debit Card,6,0,1
Male,43,51,2866.210381774365,146134.4973533881,Yearly,DSL,Credit Card,6,0,1
Male,25,36,865.7235998828229,31183.170429349524,Monthly,Fiber,UPI,8,0,1
Male,65,66,1003.4801650554538,66247.9612344706,Monthly,Fiber,Cash,2,0,0
Female,19,15,2916.9630350417124,43798.28546474484,Monthly,DSL,UPI,0,0,1
Male,23,39,2282.713139715569,89074.86074614168,Monthly,DSL,Credit Card,1,0,0
Male,45,70,2187.910639163526,153156.63522832713,Monthly,DSL,UPI,5,0,0
Female,46,1,2601.9012364073697,2568.09962592805,Monthly,Fiber,Debit Card,9,0,1
Female,43,23,611.7223220393446,14137.103585871873,Monthly,Fiber,Cash,9,1,0
Male,42,39,2205.0818387660192,85960.16484175644,Monthly,DSL,Cash,8,0,1
Female,29,57,1658.959245186245,94562.17879450983,Yearly,DSL,Debit Card,2,0,0
Female,22,34,2537.7067287671775,86262.27929472478,Yearly,None,Debit Card,9,0,0
Male,51,41,1670.9826403960246,68581.30393343094,Monthly,DSL,Cash,1,1,0
Female,65,13,1973.6516565260629,25643.85524106798,Monthly,DSL,Cash,0,0,0
Male,54,70,1588.903741278747,111200.48172727978,Monthly,None,Cash,1,0,1
Female,32,6,1590.029093600779,9578.139300184203,Monthly,Fiber,Credit Card,2,0,1
Male,61,52,2372.518940766945,123391.47314185344,Yearly,Fiber,Credit Card,6,0,1
Male,53,3,1996.1292817476647,5909.837211942164,Monthly,Fiber,Credit Card,1,0,1
Male,32,63,2008.810644345408,126556.7043550295,Yearly,Fiber,UPI,4,0,0
Female,60,49,1514.7627063451196,74270.4682885775,Monthly,DSL,Credit Card,1,0,1
Male,65,47,1732.9956401113245,81549.21003815053,Monthly,DSL,Cash,6,0,1
Female,40,55,2312.437698752926,127209.90279820497,Monthly,DSL,Credit Card,9,0,0
Male,23,64,2529.040481602179,161832.64943582774,Monthly,Fiber,Cash,7,1,1
Male,63,65,2179.7157857889247,141626.75639624053,Monthly,DSL,Debit Card,7,0,1
Female,67,67,2793.9970698833445,187272.36972901475,Yearly,Fiber,UPI,7,0,0
Male,61,15,2513.8750379974426,37771.03861238434,Yearly,DSL,UPI,9,0,1
Male,60,32,1816.0322324856998,58059.816003698266,Yearly,Fiber,Debit Card,8,0,0
Female,62,68,2111.796396138089,143542.28135541937,Yearly,DSL,Cash,0,0,0
Male,38,18,2800.032347687229,50443.609613732355,Yearly,Fiber,UPI,0,0,0
Male,40,43,1970.7537194562576,84705.40034900283,Monthly,Fiber,Credit Card,9,0,1
Male,60,35,2525.9787595455427,88370.53634376639,Monthly,DSL,Cash,1,0,1
Male,33,58,2158.788359692965,125140.1829116055,Yearly,DSL,UPI,5,0,1
Female,64,33,1789.2281748632595,58997.32487442953,Monthly,DSL,Debit Card,0,0,0
Female,32,14,951.9631276214534,13312.985298218879,Yearly,DSL,Cash,4,0,0
Male,42,34,1449.1933025647559,49319.13995465618,Monthly,None,UPI,4,1,0
Female,53,61,2911.9056270510323,177593.50486899572,Monthly,None,Debit Card,3,0,1
Male,28,4,2074.9665348360204,8265.58700724005,Yearly,DSL,Cash,4,0,0
Female,68,59,1822.867526915272,107506.16673851154,Monthly,DSL,Credit Card,0,0,0
Male,32,29,2817.982888926214,81717.16051236242,Monthly,Fiber,Cash,5,0,0
Male,21,6,1882.5818088011115,11231.618192394933,Yearly,DSL,Credit Card,6,0,1
Male,38,49,1719.422799726988,84248.84333342883,Yearly,Fiber,Cash,7,0,0
Male,30,40,2349.139308905554,94006.4074674611,Monthly,None,Debit Card,1,0,1
Male,39,65,2223.19717126367,144413.77423294506,Yearly,Fiber,Credit Card,6,1,1
Male,36,69,820.5320227027684,56518.66544255217,Yearly,Fiber,Credit Card,5,0,0
Female,51,27,1571.5323413501271,42346.39779848433,Yearly,DSL,Cash,8,0,0
Male,31,6,1574.7916956128802,9455.882186022904,Yearly,Fiber,UPI,7,0,0
Female,21,13,1320.2061911570308,17233.57150167848,Monthly,Fiber,Credit Card,3,0,0
Male,65,64,1695.6924018110835,108425.29060911339,Monthly,DSL,Cash,8,0,1
Female,69,62,1414.3899738632895,87779.51064044089,Monthly,DSL,Debit Card,0,0,0
Female,63,19,837.2328215721944,15828.6793121858,Monthly,DSL,Cash,5,0,1
Female,44,43,1412.3895156416388,60801.145878202115,Monthly,Fiber,Cash,7,0,1
Male,46,20,494.14775844757685,9879.526121948127,Monthly,DSL,Credit Card,3,0,0
Male,64,68,1853.6218294909113,126078.15588283775,Monthly,Fiber,UPI,1,0,0
Female,45,44,2603.8672821410023,114572.29701109354,Monthly,Fiber,Debit Card,1,0,0
Male,52,23,2257.275127757299,51912.737583453745,Monthly,DSL,Credit Card,9,0,1
Female,25,2,1272.0639081461004,2611.1077019650793,Yearly,DSL,Credit Card,0,1,0
Male,33,22,534.0922550587321,11801.20688720567,Monthly,DSL,Credit Card,4,1,0
Female,59,57,844.803377908231,48150.472988073765,Monthly,DSL,Debit Card,5,0,0
Female,53,7,1771.8239193360564,12325.094621231607,Monthly,Fiber,UPI,3,0,0
Male,47,56,858.0541251341887,47974.11159937745,Monthly,DSL,Debit Card,3,1,1
Female,35,67,1767.7274004694123,118498.04372359444,Yearly,Fiber,Debit Card,4,0,0
Male,19,16,924.3173668625271,14794.95599406994,Monthly,None,UPI,4,0,0
Female,66,51,2591.0944475853967,132142.1346548991,Monthly,DSL,Debit Card,8,0,1
Female,30,12,1371.6329766692413,16495.70908830304,Monthly,DSL,Cash,7,0,0
Male,21,53,961.9866900501258,51057.06288933952,Monthly,DSL,Debit Card,8,0,1
Male,43,5,2492.280686667066,12487.17806221799,Monthly,DSL,Credit Card,2,0,0
Male,42,27,1224.665204974717,33118.530114786656,Monthly,DSL,Debit Card,2,0,1
Female,47,12,600.0167571647112,7253.255190799926,Monthly,Fiber,Credit Card,0,0,0
Male,28,17,1839.1056267898323,31236.04794518574,Yearly,Fiber,Debit Card,9,1,1
Female,24,6,1869.2233519825695,11170.156751023616,Yearly,DSL,Credit Card,5,0,0
Female,48,5,2228.6783231364825,11203.624429117444,Monthly,None,Credit Card,3,0,0
Male,61,57,947.5924696626411,53988.20652912739,Monthly,Fiber,Credit Card,7,0,0
Male,27,28,1497.1826155490617,42001.780436678266,Monthly,Fiber,UPI,1,0,0
Female,56,69,1061.393381415172,73150.08145699288,Monthly,Fiber,Debit Card,1,0,0
Female,30,59,517.5750875123579,30448.57366564418,Monthly,DSL,Debit Card,6,0,0
Male,48,33,2665.8573329429073,88058.69281913622,Yearly,Fiber,Cash,4,0,0
Male,24,62,2266.948472118521,140580.4962541846,Monthly,Fiber,Cash,0,0,0
Male,66,50,1112.950260538762,55623.432898227766,Yearly,DSL,Cash,6,1,0
Male,59,19,1917.3070807543631,36479.846617296134,Monthly,DSL,Debit Card,6,0,1
Male,59,69,842.4122279630756,58160.90909145094,Yearly,Fiber,UPI,9,0,0
Female,53,66,2702.6388788485815,178380.4062133703,Monthly,Fiber,Credit Card,5,0,1
Female,37,47,609.2471270771578,28554.389641158945,Yearly,DSL,Debit Card,3,0,0
Female,21,39,309.3602928710624,12127.487339429985,Monthly,DSL,UPI,7,0,0
Female,24,68,1654.4221338957918,112573.90974304997,Yearly,None,UPI,1,0,0
Male,18,33,1873.4451233227471,61758.122807361186,Yearly,DSL,Debit Card,1,0,0
Male,61,13,1862.2063647986718,24278.785072778148,Yearly,Fiber,Credit Card,1,0,0
Male,62,54,446.18220408213097,24169.408482638384,Monthly,DSL,UPI,2,0,0
Female,59,7,1146.9182786797678,8038.313673216077,Yearly,Fiber,Debit Card,5,0,1
Female,64,14,1646.8371564715958,23086.95599784688,Monthly,Fiber,Credit Card,0,1,1
Male,30,19,883.7638011935504,16767.959686680355,Monthly,None,Cash,1,0,0
Male,39,54,2655.08989081192,143331.21243334553,Yearly,DSL,UPI,9,0,0
Female,38,20,534.1950815458719,10728.298260307765,Monthly,Fiber,UPI,1,1,0
Female,39,29,1614.9379925145158,46905.57681272412,Monthly,Fiber,Debit Card,0,0,1
Male,45,24,2165.823355285511,52010.57603744341,Monthly,Fiber,Debit Card,2,0,0
Male,26,63,1005.7279703631026,63363.18025500478,Yearly,Fiber,Credit Card,9,0,0
Female,43,57,1984.449989893299,113045.43437728687,Monthly,DSL,Cash,6,0,1
Male,26,8,2538.3399053844114,20217.410985596256,Monthly,Fiber,Cash,0,0,1
Male,32,62,812.9098327566284,50389.54798896031,Monthly,None,Debit Card,6,0,0
Male,27,29,2775.4955979271294,80399.24225262624,Yearly,Fiber,Debit Card,4,0,0
Female,41,17,1793.6080381883667,30505.203575583677,Monthly,DSL,Credit Card,8,0,0
Female,59,66,1106.9264116128634,73033.68900471253,Yearly,None,Debit Card,1,0,0
Female,25,6,1462.317343532131,8825.341885129179,Monthly,DSL,Credit Card,0,0,0
Female,41,58,1141.9180862232474,66192.37870031557,Yearly,Fiber,Credit Card,8,0,0
Female,33,69,2256.8001318199535,155737.8056357703,Yearly,Fiber,Cash,7,0,1
Female,66,28,2449.011791220857,68579.86685853501,Monthly,Fiber,Credit Card,9,0,0
Female,43,62,2547.930959260385,157872.66195924833,Monthly,None,Cash,5,0,0
Male,44,41,2960.574273881501,121298.0231087944,Yearly,None,Cash,4,0,0
Male,54,69,2435.4675897410457,168005.33733462935,Monthly,None,Cash,7,0,1
Male,21,41,1922.736990859121,78908.66364142812,Monthly,DSL,Debit Card,7,0,1
Male,67,49,1214.8948056578163,59459.24846821296,Yearly,Fiber,Cash,4,0,0
Male,41,49,1769.4077115190235,86743.15673052425,Yearly,None,Credit Card,6,0,0
Male,36,71,409.88406653409464,29196.442037151177,Monthly,None,Debit Card,0,0,0
Male,53,3,2310.0277039307653,6988.196622330526,Monthly,Fiber,Credit Card,3,1,1
Female,56,10,1503.0799717486748,14979.388789824157,Monthly,Fiber,Debit Card,1,1,1
Female,27,35,353.0627202769066,12438.868261774347,Monthly,DSL,Credit Card,9,1,0
Male,42,2,467.7687420781092,854.1589154578965,Yearly,Fiber,UPI,2,1,0
Male,35,24,1345.159452318743,32277.45524402398,Yearly,Fiber,UPI,0,0,0
Female,36,38,1874.2381013497748,71298.55623283672,Yearly,None,UPI,1,0,0
Male,53,22,1552.350662170742,34179.9677096077,Monthly,None,Credit Card,0,0,0
Male,27,26,1970.8516566888181,51224.87198685481,Monthly,Fiber,Debit Card,7,0,1
Female,50,43,1595.7944987366607,68577.72601902384,Monthly,Fiber,Cash,3,0,0
Male,67,55,2085.6003827996365,114683.04093504367,Monthly,DSL,Cash,2,0,0
Female,22,39,890.6403746111623,34736.76296603718,Yearly,DSL,Credit Card,0,0,0
Male,64,29,603.6766053957779,17470.43034245212,Monthly,Fiber,Credit Card,1,0,0
Female,66,20,1909.3716774892819,38281.22712220209,Monthly,DSL,Credit Card,2,0,0
Female,52,41,1607.66169572803,66000.74505546247,Yearly,None,Credit Card,2,0,0
Female,61,54,371.5426659213253,20137.43825339443,Yearly,None,Cash,5,1,0
Male,51,20,1326.301090831197,26510.38778372847,Yearly,Fiber,Debit Card,9,0,0
Female,50,19,585.5390808256878,11163.502889555115,Yearly,Fiber,Cash,7,1,0
Male,38,66,1733.663445732277,114502.35327973748,Monthly,None,Credit Card,5,0,1
Male,34,30,1367.599735083163,41098.077950030674,Monthly,Fiber,UPI,1,0,0
Male,39,53,1954.5101599781483,103571.9038816459,Monthly,DSL,Cash,1,0,0
Male,65,34,2474.1259906796436,84042.76089297232,Monthly,Fiber,UPI,6,0,1
Female,54,22,1108.1054463720252,24293.445892951466,Yearly,Fiber,UPI,0,0,1
Female,32,67,2896.675681245574,194092.6834524986,Monthly,Fiber,Credit Card,0,0,1
Male,52,6,1745.213151586451,10499.804496560891,Monthly,Fiber,Cash,6,0,1
Male,45,27,1968.3851566379276,53216.36775014345,Monthly,None,Debit Card,8,1,1
Female,24,10,2136.81540770949,21326.657081163106,Monthly,Fiber,Cash,4,0,1
Male,49,48,2099.1751306154924,100693.90036765364,Yearly,None,Debit Card,0,0,1
Female,28,70,1678.6210062216676,117479.27160215238,Monthly,None,Debit Card,4,0,0
Male,27,59,1456.6635860096455,85913.86659929554,Yearly,Fiber,Credit Card,0,0,0
Male,26,59,444.21130327892035,26134.960684259873,Monthly,DSL,Debit Card,9,0,1
Female,31,2,358.6317823131853,751.720095129001,Monthly,Fiber,Cash,8,0,1
Male,30,29,1265.4952252384646,36701.09992006135,Yearly,DSL,Cash,3,0,0
Female,42,68,1199.88440471097,81636.36407156893,Yearly,DSL,UPI,8,0,0
Male,19,65,1345.7769180653181,87446.03789827962,Monthly,Fiber,Debit Card,1,0,0
Male,52,26,672.594142398113,17452.58814466648,Monthly,Fiber,Credit Card,6,0,1
Male,24,10,2292.0543304494777,22915.05847510355,Monthly,DSL,Credit Card,1,0,0
Female,38,53,2612.8039198958454,138554.08922355884,Yearly,None,Cash,3,0,0
Male,35,59,2833.5295155098943,167086.29767643055,Yearly,Fiber,Debit Card,5,0,1
Male,20,22,1628.3782195029899,35885.287392525075,Yearly,DSL,Credit Card,1,0,0
Male,59,51,2191.337387638657,111732.00429210307,Monthly,Fiber,Debit Card,1,0,0
Male,56,48,2608.9880332768557,125302.34940244678,Monthly,DSL,Debit Card,1,0,1
Female,58,21,1428.385999952412,30056.546600767826,Monthly,Fiber,UPI,2,0,1
Female,66,22,1134.4145461501998,24926.872264783615,Yearly,DSL,Credit Card,4,0,0
Male,28,30,2828.156300804423,84883.46433119701,Monthly,Fiber,UPI,8,0,0
Female,56,25,1691.3266879080975,42215.09374905712,Monthly,DSL,Credit Card,5,0,1
Male,41,28,1641.5854937953707,46043.65013670314,Monthly,DSL,Debit Card,8,1,0
Male,63,65,780.7234607214386,50727.923159783895,Yearly,DSL,Credit Card,9,0,1
Male,36,45,591.0185393480632,26586.959393733883,Yearly,DSL,Cash,4,0,0
Female,21,68,2572.6885287054815,174983.97176218015,Monthly,DSL,Debit Card,5,0,1
Female,43,7,1957.1595757062987,13764.285077285062,Monthly,None,Credit Card,9,0,1
Female,55,49,1178.7263768525115,57704.861014438706,Monthly,DSL,UPI,7,0,1
Female,59,9,816.6877869537195,7382.4601105588745,Monthly,None,UPI,2,0,0
Female,49,36,1798.8426564580047,64736.735241266,Monthly,DSL,Debit Card,1,0,0
Female,56,1,1875.5820810050654,1849.3226658058577,Yearly,DSL,UPI,2,0,1
Female,62,10,857.8827233616571,8616.832398404702,Yearly,Fiber,Debit Card,8,0,1
Female,63,36,2597.7955193069797,93498.07534988245,Monthly,DSL,Debit Card,5,0,0
Female,53,46,526.513788620798,24188.855976589588,Monthly,Fiber,Debit Card,9,0,0
Male,57,32,1260.4513299493385,40401.62024000408,Monthly,None,Credit Card,3,0,0
Female,54,32,2136.0379171588097,68273.4685738481,Monthly,DSL,Debit Card,9,1,0
Female,50,6,1039.124982311842,6269.928418437094,Monthly,None,UPI,2,0,1
Female,53,48,2533.723025909434,121568.45032241095,Yearly,Fiber,Cash,1,0,0
Female,20,38,2296.64313182109,87175.53865756665,Yearly,Fiber,Credit Card,3,0,0
Female,26,17,2429.3616802799625,41232.5014185339,Monthly,None,UPI,8,1,0
Female,25,27,620.5876468671339,16777.198771367788,Yearly,Fiber,Debit Card,3,0,0
Female,50,54,678.4772455879659,36679.59670004734,Yearly,DSL,Debit Card,4,0,0
Female,23,50,1072.4790919103757,53528.16615223005,Monthly,None,Cash,7,0,0
Female,58,35,1697.8083460334149,59330.57719982986,Yearly,DSL,UPI,1,0,0
Female,56,25,2318.6434070883865,58046.593600178254,Monthly,Fiber,Credit Card,2,0,0
Female,21,28,2557.633405054439,71528.39650514704,Monthly,None,UPI,5,0,0
Male,30,15,2200.7053530843873,33089.416727989126,Monthly,Fiber,Debit Card,6,0,1
Male,66,4,2806.2115801327236,11170.479503281076,Yearly,None,Credit Card,3,0,0
Female,19,27,2293.607475963012,61975.40541103296,Yearly,Fiber,Debit Card,0,1,0
Female,22,26,1125.9232949124598,29235.952317513158,Monthly,DSL,Debit Card,6,1,0
Male,61,19,1014.7194677141459,19351.42029169061,Monthly,Fiber,UPI,8,0,0
Female,44,17,2178.7196158129427,37078.3244419049,Monthly,DSL,Cash,0,0,0
Male,49,43,819.7505354619585,35229.635716584555,Yearly,Fiber,Debit Card,0,0,0
Male,38,41,549.3299891877286,22437.79004753169,Monthly,DSL,UPI,0,1,0
Male,25,42,1736.0017621117236,72958.61404546656,Yearly,DSL,Credit Card,9,0,0
Male,55,50,2517.4322384031793,125894.98887135199,Monthly,Fiber,Cash,6,0,1
Male,25,40,572.7255746686316,22809.60533031202,Monthly,DSL,Debit Card,8,0,0
Female,67,39,2437.106574248469,94949.04036688477,Monthly,DSL,Debit Card,2,0,1
Male,20,23,2490.24441174918,57337.38006486968,Monthly,Fiber,Credit Card,7,0,1
Female,61,52,1601.1398002201674,83211.14955920908,Monthly,Fiber,UPI,8,0,1
Female,20,47,453.7378370283144,21352.90507387639,Monthly,Fiber,Debit Card,2,0,0
Male,39,63,770.3925983674033,48525.57658109945,Monthly,Fiber,Credit Card,2,0,0
Male,23,69,2209.0509429372173,152497.20106557233,Monthly,Fiber,Debit Card,0,0,0
Female,19,43,2220.800451475564,95577.81163606975,Monthly,Fiber,UPI,1,1,1
Male,40,48,2724.5592429526964,130878.20520426519,Monthly,DSL,Cash,6,0,1
Male,61,34,1872.2525956973736,63587.32508087215,Yearly,DSL,UPI,2,0,0
Female,19,40,634.089892827199,25436.188522383058,Monthly,Fiber,UPI,6,1,0
Female,55,61,626.8202448634247,38189.23921201466,Yearly,None,UPI,4,0,0
Male,34,50,2246.057364863424,112321.0314181503,Monthly,None,Credit Card,9,0,0
Female,52,67,795.2185957913331,53280.80048479316,Monthly,Fiber,Debit Card,7,0,1
Male,51,62,1185.6408489648343,73413.33026213422,Monthly,Fiber,Cash,4,0,0
Male,40,58,1614.4724186891676,93725.95453995295,Monthly,None,Credit Card,2,0,1
Male,47,33,365.8651694556082,11989.216003064916,Yearly,DSL,UPI,8,0,0
Female,69,16,970.811372953816,15570.625751142603,Monthly,Fiber,Cash,6,0,0
Female,25,48,1400.3019429696562,67271.49462978516,Monthly,DSL,UPI,4,0,0
Female,39,10,1054.0180599316568,10599.238169126105,Monthly,DSL,UPI,6,0,1
Female,61,38,667.1998841624277,25280.69450195802,Yearly,Fiber,UPI,9,0,0
Female,53,19,2264.633096049733,43017.54281504652,Yearly,DSL,Cash,8,0,1
Male,22,36,2494.4986689535594,89867.83785641493,Monthly,DSL,Debit Card,4,1,0
Male,30,59,994.1932355880571,58617.93674177111,Monthly,DSL,UPI,6,0,1
Male,46,63,2389.932635437019,150559.30576760712,Yearly,None,Debit Card,8,0,0
Male,48,46,1339.9946238835473,61594.311477183146,Yearly,Fiber,Cash,0,0,0
Female,64,3,1667.0516353058076,4993.865189494488,Monthly,DSL,Cash,3,0,1
Male,33,65,2610.2029022115125,169740.7562282669,Monthly,Fiber,UPI,0,0,0
Female,59,8,2323.874940866501,18582.024373138564,Yearly,Fiber,Debit Card,7,0,0
Male,47,51,2472.81549855368,126124.77282965253,Yearly,Fiber,Debit Card,2,0,0
Female,33,6,668.4819497831634,3991.686955359597,Monthly,Fiber,UPI,1,0,1
Female,29,39,487.24244975106956,18994.47897693238,Monthly,Fiber,Credit Card,3,0,0
Male,34,60,2711.192768537565,162574.6009520632,Yearly,Fiber,Credit Card,2,0,0
Male,33,28,1346.1525278419547,37649.01988156683,Yearly,Fiber,Cash,4,0,0
Male,29,54,1076.2751307881383,58106.17340690783,Yearly,DSL,Cash,7,0,0
Male,25,37,2255.679886506926,83486.9151959548,Yearly,Fiber,Credit Card,9,0,1
Female,37,9,2557.322110765613,23005.909383001297,Monthly,DSL,Credit Card,7,0,1
Male,20,56,2627.7219791254124,147119.9942396874,Yearly,Fiber,Credit Card,6,0,0
Male,33,59,1152.1922810381138,67956.96432831755,Monthly,Fiber,UPI,7,0,1
Female,47,2,2599.9734562445196,5148.405578329132,Yearly,Fiber,UPI,4,1,1
Male,62,61,409.5216498107325,25065.719495009493,Monthly,Fiber,UPI,9,0,0
Male,40,58,433.08602694124096,25123.338207750156,Yearly,DSL,UPI,9,0,0
Male,45,60,1982.501826970217,118852.79150898746,Monthly,Fiber,UPI,5,0,1
Male,68,40,469.38719661197484,18679.3771161629,Monthly,None,UPI,7,1,0
Male,57,36,1175.444754977436,42410.60350617811,Monthly,None,Cash,0,0,0
Female,22,37,2115.441162866695,78215.61320434236,Yearly,Fiber,Debit Card,5,0,0
Male,37,18,1209.620619346411,21834.292805998262,Yearly,DSL,Cash,5,0,0
Male,57,63,783.919409888259,49298.57788327243,Yearly,Fiber,Debit Card,4,0,0
Male,61,22,1058.6466790053723,23374.4594854571,Monthly,DSL,Cash,3,0,1
Male,18,11,1534.4533970761659,16953.87076857116,Monthly,DSL,Cash,0,0,1
Male,47,58,1582.5418094598024,91801.64358115544,Yearly,Fiber,UPI,9,0,0
Female,38,57,2413.1006246374454,137448.53533579104,Yearly,Fiber,UPI,7,1,1
Male,37,4,2324.413719465084,9249.217052665002,Yearly,Fiber,Debit Card,5,0,0
Female,23,7,1532.408072301565,10708.221035590648,Yearly,Fiber,Debit Card,2,0,0
Female,39,61,2582.301842566683,157512.42521991715,Yearly,DSL,UPI,2,1,0
Male,35,54,607.4402741967688,32761.31055833799,Monthly,Fiber,Cash,5,0,0
Male,25,68,988.454045618034,67121.46467567542,Yearly,Fiber,Debit Card,6,0,1
Male,56,1,2534.5364514560792,2552.5619326413876,Monthly,DSL,Credit Card,7,0,0
Male,49,55,1319.5839042906134,72581.94566952268,Yearly,DSL,Credit Card,4,0,0
Female,50,3,2948.1902087433737,8801.170753315937,Yearly,Fiber,Credit Card,9,0,1
Male,33,38,1557.8838601251557,59107.18187826984,Monthly,DSL,Debit Card,5,0,0
Male,29,1,2437.226182002163,2536.145019446551,Monthly,DSL,UPI,0,1,1
Male,55,38,1385.2290117324042,52635.09968319664,Monthly,DSL,UPI,5,0,0
Male,69,29,1446.3745014685621,41996.06139094311,Monthly,DSL,UPI,8,0,0
Male,51,5,1332.7844976672955,6654.385295346744,Monthly,DSL,Debit Card,9,0,0
Male,31,21,2240.504175379192,46959.22174113562,Yearly,Fiber,Debit Card,3,0,0
Female,53,71,1777.298286961985,126150.09852331803,Monthly,DSL,Credit Card,9,0,1
Female,50,67,2847.2009006945964,190726.48237473913,Monthly,None,Debit Card,0,0,0
Male,40,47,976.4038546420828,45958.6517489877,Yearly,DSL,Credit Card,8,0,0
Male,67,35,570.5193766252997,19999.024177485466,Yearly,Fiber,Credit Card,3,0,0
Male,62,68,1360.806009767881,92489.89464494381,Monthly,Fiber,UPI,1,0,0
Female,19,69,1964.1243106462953,135618.12542552617,Yearly,None,Debit Card,0,0,0
Male,58,1,2623.1571296718366,2587.465496151411,Monthly,Fiber,UPI,2,0,1
Female,38,68,1233.7315940368846,83993.3951996739,Monthly,Fiber,UPI,6,0,0
Male,19,12,2064.224228036046,24869.923475066604,Monthly,Fiber,Debit Card,9,0,1
Male,44,60,1244.5364387626914,74610.42842931084,Monthly,None,Debit Card,1,0,1
Male,26,27,1965.4928740850369,53030.855823533675,Monthly,Fiber,Cash,8,1,0
Male,18,56,2687.9814569827577,150524.17043073135,Yearly,Fiber,Credit Card,1,0,0
Female,28,23,923.6656341004044,21277.129718538883,Yearly,DSL,Cash,4,1,0
Female,20,25,1390.4524336890058,34766.920332025904,Monthly,Fiber,Credit Card,7,0,1
Male,69,21,2980.816030360316,62691.02493139308,Monthly,None,Credit Card,9,1,1
Male,40,61,2644.103976273544,161335.14038553333,Monthly,DSL,Credit Card,7,0,1
Female,43,63,1823.5276163197452,114824.64879802054,Yearly,DSL,UPI,2,0,0
Female,21,52,1693.8944980065432,88003.53340638297,Yearly,None,UPI,1,0,0
Female,35,25,1067.4210322226386,26723.206063707836,Monthly,None,Debit Card,8,0,0
Female,23,55,1695.4654547725295,93182.29050052528,Monthly,Fiber,Credit Card,2,0,0
Male,52,46,2589.0900453558575,119155.67745443659,Monthly,Fiber,Credit Card,7,0,1
Female,39,32,2148.9711858500077,68729.28528065232,Monthly,DSL,Credit Card,1,0,1
Male,60,55,1082.1188760805637,59481.916837042125,Monthly,Fiber,UPI,2,0,0
Female,32,5,842.9525868445389,4116.922612700597,Monthly,None,Debit Card,0,1,0
Female,39,36,1015.0630498914386,36582.4720495108,Monthly,None,UPI,5,0,0
Female,54,49,757.3498437606315,37032.796294883876,Monthly,Fiber,Cash,6,0,1
Female,69,58,557.2298792640331,32373.90911280662,Monthly,None,Cash,3,0,1
Female,59,39,1430.6676709935484,55794.41273313183,Monthly,Fiber,Cash,0,0,0
Male,29,61,604.9089318753228,36956.3008073856,Yearly,DSL,Debit Card,2,0,0
Male,64,9,763.1639058631818,6885.260460608184,Yearly,Fiber,Cash,8,0,1
Female,66,6,1776.7766477166124,10577.146540703472,Yearly,None,Debit Card,4,0,0
Female,59,35,743.4180389888518,26072.76183195085,Yearly,DSL,UPI,5,1,0
Male,55,39,471.4753720634377,18301.499407453022,Monthly,DSL,UPI,3,0,0
Female,35,22,1155.94989507529,25426.638035770247,Yearly,None,Debit Card,0,0,0
Female,62,41,893.8615662793123,36582.7940602808,Yearly,DSL,UPI,4,0,0
Male,52,5,1690.3240075848173,8502.087073519664,Monthly,Fiber,UPI,4,0,1
Female,47,42,575.3911283746652,24248.745637297165,Monthly,None,Debit Card,4,0,0
Female,41,67,2328.781126744041,156039.1607245224,Yearly,DSL,Cash,5,0,0
Male,59,30,2745.8305024748743,82380.34453310606,Yearly,None,Debit Card,1,0,0
Male,47,57,2306.274969681725,131510.46591112347,Monthly,None,Credit Card,0,0,0
Male,31,29,1737.6330009837645,50292.37279112432,Monthly,Fiber,UPI,1,0,1
Female,23,37,2622.8031188299897,97127.26712523666,Yearly,Fiber,Debit Card,9,1,0
Male,20,13,2175.2796254100704,28218.12489374914,Monthly,Fiber,UPI,5,0,0
Male,33,32,327.4880306155126,10576.440756461652,Yearly,DSL,Cash,4,0,0
Male,24,46,1363.0434124911583,62747.24776418538,Monthly,Fiber,UPI,4,0,1
Male,69,23,2596.5701283983603,59775.96318270242,Yearly,DSL,Debit Card,5,0,0
Male,31,45,1232.818916533227,55508.09184006993,Monthly,Fiber,Cash,9,0,1
Male,26,17,394.08096851891344,6693.70910137856,Monthly,Fiber,Cash,6,0,1
Female,32,66,2313.6850240911353,152717.53712868717,Monthly,Fiber,Cash,8,0,1
Female,38,6,2464.503329763745,14696.300555785496,Monthly,Fiber,Credit Card,6,0,1
Male,52,18,732.6029766169331,13211.6454809912,Monthly,DSL,Debit Card,1,0,0
Male,19,22,1749.8193414765892,38521.24513288237,Monthly,Fiber,Debit Card,5,0,0
Male,44,33,817.2796852884595,27048.469773999528,Monthly,Fiber,Cash,8,0,1
Female,19,30,2240.9329314191964,67229.11921406192,Monthly,Fiber,UPI,6,1,1
Female,52,32,1032.1862289792111,32945.38820215197,Yearly,DSL,Cash,1,0,0
Female,35,42,1152.7808309209913,48378.03408277805,Yearly,DSL,Credit Card,2,0,0
Female,31,10,2580.4213048282736,25835.3389307056,Monthly,Fiber,Cash,7,0,1
Female,37,36,1585.0703509586417,57010.38440706139,Monthly,DSL,Debit Card,8,0,1
Female,35,34,2107.337018289269,71605.56418620623,Yearly,Fiber,Cash,3,0,1
Female,27,28,1385.4072369506628,38855.496437890724,Monthly,Fiber,UPI,8,0,0
Female,42,11,1103.6185144231395,12156.667605007076,Monthly,DSL,Debit Card,1,0,0
Female,19,39,1987.7907631465857,77525.54524907155,Yearly,Fiber,UPI,4,0,0
Male,42,47,717.1154500128175,33668.11654396359,Monthly,DSL,Cash,1,0,0
Male,50,19,1306.09955603053,24862.077171766676,Monthly,Fiber,Debit Card,0,0,1
Male,53,15,863.4000009419901,12908.543701027857,Monthly,None,Credit Card,4,0,0
Male,48,28,2177.646410740013,61021.51220424919,Monthly,Fiber,Debit Card,1,0,1
Female,31,24,2848.3638635344905,68274.75302088127,Monthly,DSL,UPI,6,0,0
Female,18,9,2986.879613642839,26954.824791101968,Yearly,None,Debit Card,7,0,1
Male,63,47,1514.747388192295,71193.04053771305,Monthly,Fiber,Credit Card,1,0,0
Female,33,33,980.8320520184001,32355.159319946993,Monthly,DSL,Credit Card,6,0,0
Male,63,62,1494.6393000376752,92689.84128464424,Monthly,Fiber,Credit Card,3,0,0
Female,69,19,2586.6274068993544,49170.75914566698,Monthly,DSL,Credit Card,0,0,1
Male,20,67,855.2153320905077,57225.83428544201,Monthly,Fiber,UPI,2,1,1
Female,52,40,2869.658259462894,114837.577096479,Monthly,Fiber,Debit Card,0,1,0
Female,58,47,1222.0375757550078,57390.951720075376,Monthly,DSL,Cash,4,0,0
Male,23,65,2960.669880515823,192524.53460956248,Monthly,Fiber,Credit Card,7,1,0
Female,42,29,2563.243996341698,74397.64602659222,Monthly,DSL,Cash,0,0,1
Male,30,50,2482.1404421979537,124076.27531820464,Monthly,Fiber,Cash,8,0,1
Male,51,13,1157.3426191878657,15107.001908082397,Yearly,Fiber,Debit Card,2,1,0
Male,25,1,322.6984722594095,293.97657211939037,Monthly,DSL,Cash,4,0,1
Male,38,34,1330.758853830167,45165.990566552886,Monthly,DSL,Cash,8,0,0
Female,51,48,1113.885298089273,53558.87195603024,Monthly,Fiber,UPI,4,0,0
Female,21,48,399.9718741037527,19229.170360023218,Monthly,Fiber,Cash,8,0,1
Female,42,49,1663.48619256601,81502.04334106701,Yearly,Fiber,Debit Card,9,0,1
Male,32,64,1387.1845404633889,88759.3652599631,Monthly,Fiber,Cash,7,0,1
Female,21,61,2012.3024629021168,122715.39130388077,Monthly,Fiber,Debit Card,6,0,1
Male,62,29,1976.2030699240247,57406.17854688254,Monthly,Fiber,Credit Card,0,0,0
Female,29,39,625.0159169210363,24302.570212946594,Monthly,DSL,Cash,3,0,0
Female,49,26,2936.806974541881,76319.94234987302,Monthly,DSL,Cash,8,1,1
Female,49,17,803.7148594919067,13660.252139418948,Yearly,Fiber,Cash,9,0,0
Male,45,71,1501.2398668647024,106583.63045640475,Monthly,Fiber,Credit Card,7,0,1
Female,30,13,1616.9173672710842,21014.199071405663,Yearly,Fiber,UPI,3,0,0
Female,48,69,2494.2695524781243,172039.75588415665,Monthly,DSL,Cash,0,0,0
Male,31,26,566.9199094555463,14668.904151266104,Monthly,None,Debit Card,9,0,0
Female,37,49,1456.3395538630357,71311.59165655448,Yearly,DSL,UPI,3,0,0
Male,35,67,1995.9558596377506,133811.9478264897,Yearly,DSL,UPI,2,0,0
Female,46,7,879.92017838495,6082.051842261551,Monthly,DSL,UPI,5,1,0
Male,23,58,1993.1633266683966,115654.95796744166,Monthly,Fiber,Cash,4,0,1
Male,49,49,2792.895061384062,136903.3676864457,Yearly,Fiber,Credit Card,4,0,0
Female,46,53,2992.2989541662223,158653.79865158923,Monthly,DSL,Credit Card,1,0,0
Male,60,65,386.6179073348244,25207.487074561457,Monthly,Fiber,Cash,2,0,0
Male,19,62,935.0882162606292,57928.0766436668,Yearly,DSL,Debit Card,5,0,0
Male,40,17,1136.8292126375832,19271.008508692692,Monthly,DSL,Debit Card,1,0,0
Male,36,43,1376.6404712014084,59188.641394966064,Monthly,DSL,Debit Card,3,0,0
Male,48,25,953.094325478872,23780.375970722205,Monthly,Fiber,Cash,1,0,0
Male,68,3,848.4175852993438,2592.114753694653,Monthly,DSL,Credit Card,8,0,1
Female,22,29,2876.29537452725,83439.75377663854,Yearly,DSL,Cash,2,0,0
Male,36,32,2779.0083274803983,89003.26401698327,Monthly,DSL,Credit Card,9,1,1
Male,51,26,425.8797527084172,10989.421231116261,Yearly,DSL,UPI,9,0,0
Female,27,16,1213.79515833309,19503.739200001055,Monthly,None,Cash,5,0,0
Female,42,25,1392.9010949316978,34781.197098626464,Monthly,Fiber,Credit Card,0,0,1
Female,19,54,944.3392435980471,50992.458023479936,Monthly,Fiber,UPI,9,0,1
Female,28,28,1996.9568218680738,55902.51329949399,Yearly,Fiber,UPI,2,0,1
Female,67,56,2028.0280159394508,113621.63122283012,Yearly,Fiber,Cash,7,0,0
Female,48,65,2595.361416487212,168682.55873355514,Monthly,None,Credit Card,4,0,1
Female,32,41,2299.3470246400884,94361.9386393735,Monthly,None,UPI,7,0,1
Male,26,51,1763.9479828080803,90041.85389973981,Monthly,Fiber,Cash,1,1,0
Male,40,71,2063.6842791199338,146596.0160479092,Yearly,Fiber,UPI,6,0,0
Female,36,29,1038.7697101661488,30038.57326134796,Monthly,Fiber,Debit Card,8,0,1
Male,26,19,1900.2517129118658,36175.63415763624,Monthly,DSL,Cash,6,0,0
Male,52,66,1619.9135878247819,106970.62388552426,Monthly,Fiber,UPI,2,1,1
Male,38,41,659.0300617542,26940.935121323426,Monthly,Fiber,Cash,6,0,0
Female,26,45,953.8695467740209,42845.61246991819,Monthly,Fiber,Cash,7,0,1
Female,45,15,1086.5723169482822,16218.81751652774,Monthly,Fiber,Credit Card,0,0,1
Male,63,3,2794.6358310419064,8286.174011766618,Yearly,None,Credit Card,2,0,0
Female,68,11,921.0439263419015,10141.210050799833,Monthly,Fiber,UPI,4,0,1
Male,24,53,1079.958537613104,57332.481351781724,Monthly,Fiber,Cash,5,0,1
Male,33,46,1296.2561512414673,59615.51989768745,Monthly,Fiber,Cash,2,0,0
Male,33,30,2091.1053942885446,62741.31332903381,Monthly,DSL,Debit Card,3,0,0
Male,50,57,618.2436596747793,35333.48256081641,Yearly,DSL,Cash,4,0,0
Female,21,18,2874.6520737331953,51694.773772952365,Monthly,Fiber,Credit Card,2,0,1
Female,21,51,2636.0422942558644,134509.8510575687,Monthly,Fiber,Cash,3,0,1
Female,56,48,1857.4833971241655,89168.48115540229,Monthly,DSL,Credit Card,4,0,0
Male,57,66,2118.902242047383,139861.44327805986,Monthly,Fiber,Debit Card,1,0,1
Female,34,8,343.9832723593832,2720.5009503165224,Monthly,DSL,UPI,9,0,1
Male,54,22,1214.1508934408116,26723.636527891234,Monthly,Fiber,Credit Card,8,1,1
Female,56,6,2447.282622785893,14598.324238611016,Monthly,Fiber,UPI,9,0,1
Male,69,57,508.20402923944187,29020.55838117101,Yearly,DSL,UPI,7,1,0
Male,46,36,1061.2473523689446,38161.842237590856,Monthly,DSL,UPI,5,1,0
Male,69,57,1879.3014365026404,107197.7035465493,Monthly,DSL,UPI,9,0,0
Female,53,49,991.3151747871428,48548.01370349149,Yearly,Fiber,Credit Card,2,1,1
Female,55,45,2820.7405301902018,126861.88868065646,Monthly,DSL,Debit Card,1,0,0
Female,56,66,652.858303171584,43127.824324198235,Monthly,DSL,Cash,6,0,1
Female,67,45,2451.9647663510023,110271.33011473781,Monthly,DSL,Credit Card,7,0,0
Male,54,20,1670.4614681473022,33459.965466054644,Monthly,DSL,Debit Card,9,0,1
Female,69,64,2324.8930947138815,148886.78050896965,Monthly,Fiber,Cash,0,0,0
Female,52,67,1137.9313864409082,76297.31346529991,Monthly,DSL,UPI,5,0,0
Male,24,3,1688.1219262425047,4968.855628413779,Yearly,DSL,Cash,6,0,1
Male,44,54,2612.455444252576,141092.57114724966,Monthly,Fiber,Cash,8,0,0
Male,45,64,1559.5708676323818,99851.61766266638,Monthly,DSL,Debit Card,2,0,0
Female,39,40,1270.243627157728,50874.83675146838,Monthly,Fiber,Cash,1,0,0
Male,31,59,1746.6195428823873,102961.75349184865,Monthly,Fiber,UPI,4,0,0
Male,24,55,2235.879433198191,122969.39039149096,Monthly,None,Credit Card,9,1,1
Male,54,62,1496.6210328459574,92797.57821097704,Monthly,Fiber,Credit Card,0,0,1
Female,39,4,2833.967832884137,11269.696304065383,Monthly,Fiber,Debit Card,5,0,0
Male,22,60,1095.3537249143235,65685.71345680155,Yearly,DSL,UPI,8,1,0
Female,19,30,1582.751736656625,47470.59644494999,Monthly,None,UPI,9,0,0
Female,44,2,2342.704680221892,4752.051298035344,Yearly,None,Cash,8,0,1
Male,38,62,2159.626944338547,133982.75206220394,Yearly,DSL,Debit Card,6,0,0
Male,55,49,2630.830841526322,128936.3958005733,Monthly,Fiber,UPI,6,0,0
Female,32,9,2990.3847878389943,26892.45212775524,Yearly,None,UPI,7,1,1
Male,38,31,1451.5174877467418,44947.84832370879,Yearly,DSL,UPI,9,0,0
Male,27,61,599.107375414942,36641.97693719869,Monthly,Fiber,Credit Card,1,0,1
Female,40,48,381.12287818151356,18390.502152327925,Yearly,DSL,Credit Card,5,0,0
Female,56,25,2261.567646577383,56624.18655408159,Monthly,Fiber,Credit Card,4,0,1
Male,22,36,2658.836912533532,95775.2626811827,Monthly,Fiber,Cash,4,0,1
Female,18,8,894.9239820499304,7124.547765148566,Yearly,DSL,Cash,2,1,1
Male,30,58,726.8097004127461,42218.3627206388,Monthly,DSL,Cash,2,1,0
Male,38,45,466.95374711936563,20994.677223825685,Monthly,Fiber,UPI,5,0,0
Male,43,62,2520.297888636457,156223.82371509136,Monthly,Fiber,Credit Card,9,0,1
Female,67,39,1139.7312377099777,44498.49134238238,Yearly,DSL,UPI,9,0,0
Male,62,58,1383.5816104513965,80163.66419170509,Yearly,Fiber,UPI,6,0,0
Male,38,64,1656.4255173459533,105920.94565480015,Monthly,Fiber,Debit Card,0,0,1
Male,35,44,2565.523732365787,112872.63496353087,Yearly,DSL,UPI,2,0,0
Female,54,29,2056.249698216009,59620.3690084287,Monthly,None,Cash,0,1,0
Female,62,59,1959.6745006160904,115699.9243669621,Monthly,DSL,Credit Card,9,0,1
Female,49,71,773.314669880959,54830.57218080565,Yearly,DSL,Credit Card,2,0,0
Female,53,9,1684.6127076165403,15086.171154039344,Yearly,DSL,UPI,4,0,1
Female,34,6,2230.528746382369,13312.662998389193,Monthly,DSL,Cash,8,0,1
Male,52,29,2926.804384182328,84783.27439354642,Monthly,Fiber,Cash,2,0,1
Female,66,58,842.797034876051,48796.57437037394,Yearly,None,Cash,9,0,0
Female,28,17,324.76705328151195,5553.013879151511,Yearly,Fiber,Credit Card,9,0,0
Female,38,16,502.31387071586835,8023.338797277395,Monthly,Fiber,Cash,8,0,0
Male,69,3,1313.801655991344,3994.1255813916346,Monthly,Fiber,Cash,0,0,1
Female,43,21,2514.470548914165,52902.4010709138,Yearly,DSL,UPI,5,0,0
Female,21,64,318.28362077426164,20401.958665772545,Yearly,Fiber,Debit Card,8,0,0
Male,51,36,1532.1726007917687,55068.30474262769,Monthly,Fiber,Cash,4,0,0
Female,69,62,1187.9226614217653,73572.11758110032,Yearly,DSL,UPI,9,0,0
Male,65,42,440.70061726926446,18585.62674227205,Yearly,None,UPI,1,1,0
Male,35,42,1514.6379740160667,63620.29409758645,Yearly,DSL,Cash,4,0,0
Male,57,61,986.8215098091408,60261.07953023674,Yearly,Fiber,Debit Card,0,0,0
Male,52,13,1249.0890527369174,16309.480152824912,Monthly,Fiber,Credit Card,8,1,0
Male,58,11,2204.161322917591,24331.309460393404,Monthly,DSL,Debit Card,9,0,1
Female,46,54,1707.1876565596112,92278.09929531628,Monthly,Fiber,Cash,9,0,1
Male,69,16,635.548058280596,10179.734091790198,Monthly,DSL,Debit Card,8,0,0
Male,46,8,2894.8192591438255,23126.75810760181,Yearly,Fiber,UPI,5,0,1
Female,55,59,2015.9590674162937,119033.95795243094,Yearly,None,UPI,8,1,0
Male,59,57,2366.8447492888354,134919.63199066385,Monthly,DSL,Debit Card,2,0,0
Female,38,40,512.8755050226011,20427.870745494965,Monthly,Fiber,Credit Card,3,0,0
Female,59,59,426.05762454205103,25165.955157992983,Monthly,None,Debit Card,5,0,1
Female,30,2,351.50973599381916,720.5564220666405,Yearly,Fiber,Cash,3,0,1
Male,66,10,808.7438749883,8166.597324461942,Monthly,Fiber,Credit Card,0,0,0
Male,58,44,1417.9026738399368,62418.35508678878,Monthly,DSL,Debit Card,6,0,1
Male,34,11,2825.7305601876214,31052.846646956146,Monthly,Fiber,Debit Card,4,0,1
Female,26,2,1533.061080017596,3159.367305176356,Monthly,Fiber,Credit Card,7,0,1
Male,58,50,1082.6887845058295,54194.763122487886,Monthly,Fiber,Debit Card,8,1,1
Male,18,12,1816.225184503091,21820.785737713362,Yearly,Fiber,Cash,4,0,0
Male,19,23,601.2233609639309,13786.722342851033,Monthly,Fiber,UPI,7,0,0
Female,65,18,1944.6659057134545,34978.694362105045,Monthly,DSL,Cash,0,0,0
Female,46,62,1833.766276692359,113727.50313974559,Monthly,DSL,Debit Card,0,1,1
Male,50,62,2437.3811901954164,151032.02995580848,Monthly,Fiber,UPI,6,0,1
Male,27,38,2963.0565513659653,112547.48507023674,Yearly,Fiber,Credit Card,5,0,0
Male,67,67,976.3583736334984,65458.79122012371,Monthly,None,Cash,4,0,0
Male,57,38,1675.0724171701538,63648.75555443477,Yearly,None,Credit Card,4,0,1
Female,38,67,2752.93659706131,184427.23071607066,Monthly,DSL,UPI,8,0,1
Female,45,61,2419.0126879416716,147490.06548892206,Monthly,DSL,Debit Card,0,0,0
Female,28,1,1614.9970183721805,1603.366825267727,Monthly,DSL,UPI,7,0,1
Female,51,45,2851.5034539599,128371.79382234755,Yearly,Fiber,UPI,1,0,1
Male,25,28,453.5390724953853,12651.896599085167,Monthly,Fiber,Credit Card,6,0,0
Male,39,21,2812.6962732239767,58967.70144614025,Yearly,Fiber,Cash,5,1,1
Male,25,13,435.3699594335777,5693.510452866707,Monthly,DSL,UPI,9,1,0
Female,66,27,1776.7228091096476,48066.041166847,Monthly,DSL,Debit Card,1,0,0
Male,32,7,2703.1905596029314,18943.699229938236,Yearly,DSL,UPI,2,0,0
Female,34,22,1008.3465476155176,22107.608419326814,Yearly,Fiber,Credit Card,3,0,0
Female,40,53,1574.070947151928,83389.90681752113,Monthly,DSL,Cash,6,1,0
Male,41,4,1174.6879736698097,4772.2802176232835,Monthly,DSL,Debit Card,7,0,1
Male,62,23,2869.788576106149,65951.65086529279,Monthly,None,Credit Card,1,1,1
Male,36,70,2522.8431058333454,176620.55658903372,Monthly,Fiber,UPI,7,0,1
Female,22,33,2213.3040805812248,73019.56890083122,Yearly,DSL,UPI,8,0,0
Male,49,28,1885.5928638607936,52738.16893238615,Monthly,Fiber,Cash,6,0,0
Female,61,8,2514.5978311752,20179.464028114537,Monthly,DSL,Credit Card,0,0,1
Male,18,1,1358.121012113577,1406.6872674067151,Yearly,DSL,Credit Card,5,1,0
Female,40,37,1507.3900087863672,55805.74853828744,Yearly,Fiber,Cash,7,0,1
Female,54,63,2270.004646918326,142957.5600739083,Monthly,DSL,Debit Card,4,0,0
Male,25,22,1264.9378608930285,27748.204340189917,Yearly,Fiber,Credit Card,1,0,0
Female,30,70,471.5325435306093,33022.509913107846,Monthly,DSL,Cash,4,0,0
Female,25,21,499.703443992393,10504.507890548139,Monthly,Fiber,Credit Card,7,0,0
Male,40,35,610.4795635254004,21304.461725255987,Yearly,DSL,Cash,1,0,0
Female,60,5,2647.1395730278896,13146.947204002481,Monthly,None,UPI,0,1,0
Male,18,60,1574.0113495417518,94356.82266334389,Monthly,Fiber,UPI,3,0,0
Female,62,46,2223.782397230789,102392.54446991884,Monthly,DSL,Credit Card,3,0,0
Male,68,50,1359.8552061332118,68049.47708560918,Yearly,DSL,Credit Card,8,0,0
Male,41,48,997.5195580222131,47965.33628025927,Monthly,Fiber,UPI,2,0,0
Female,52,6,1236.4188524179722,7357.524058955106,Monthly,DSL,Debit Card,3,0,1
Female,41,56,2443.2923323563955,136916.48431922283,Yearly,DSL,Cash,2,0,0
Female,34,59,1987.083537584883,117166.45958780273,Monthly,None,Debit Card,1,0,0
Female,22,29,2830.6274058863355,82090.01113641703,Yearly,None,Debit Card,3,0,0
Female,37,71,2134.2029021574517,151594.34519006248,Yearly,DSL,Debit Card,7,0,0
Male,38,18,1838.4904057376737,33062.78797418044,Monthly,DSL,UPI,0,0,1
Female,57,2,1946.5292242617531,3878.0241551588865,Monthly,DSL,Credit Card,7,1,1
Male,48,8,2843.4028865647197,22672.860114577576,Monthly,DSL,Debit Card,7,0,1
Male,63,54,2427.1425106401066,130990.27995056556,Monthly,Fiber,UPI,2,0,1
Female,53,38,363.91134088938213,13852.544598752253,Yearly,Fiber,Cash,9,0,0
Male,28,48,1741.1771795663826,83611.61109291037,Monthly,DSL,Credit Card,9,0,0
Male,69,27,2157.513711175725,58308.336704561014,Monthly,DSL,Cash,5,0,0
Male,32,20,2320.4858917857186,46421.05424625072,Monthly,DSL,Debit Card,3,0,1
Male,36,12,874.483722147629,10522.95652422381,Monthly,Fiber,Credit Card,0,0,0
Female,24,43,2640.378857018651,113438.99430614195,Monthly,None,Debit Card,0,0,1
Male,68,61,2879.7764973729422,175598.8004851769,Yearly,Fiber,Credit Card,4,0,0
Female,45,31,938.1313257811483,29179.05405241898,Monthly,DSL,Debit Card,7,0,1
Female,68,61,2682.0617352965637,163520.96455435356,Yearly,Fiber,Cash,0,0,1
Male,60,67,560.8426587934575,37612.2157836137,Monthly,Fiber,Cash,1,0,0
Female,22,35,449.408457511162,15664.512539497015,Monthly,DSL,Debit Card,6,0,0
Female,22,15,647.9042602774233,9761.907621314878,Monthly,None,Credit Card,7,0,0
Female,47,16,454.9009145609972,7319.612713568354,Yearly,Fiber,Cash,2,0,0
Male,49,13,2580.533040320595,33493.76933612535,Monthly,Fiber,Credit Card,7,0,0
Female,25,35,458.4353900373343,15999.16553115054,Monthly,Fiber,Credit Card,0,0,0
Female,27,59,1032.4933166818698,60948.05982695074,Monthly,Fiber,Cash,8,0,1
Female,55,21,579.1421275468123,12140.001886239099,Yearly,Fiber,UPI,1,0,0
Male,64,54,1096.6394980471655,59157.44248848692,Monthly,DSL,UPI,1,1,1
Female,49,30,543.5105625224853,16351.652795432055,Monthly,None,Credit Card,3,0,0
Male,65,48,2102.6087770061376,100856.05080116188,Yearly,Fiber,Cash,9,1,1
Male,45,35,658.9824041249528,23135.51287720234,Yearly,DSL,UPI,2,0,0
Male,34,38,2598.9839997649974,98764.32589588028,Monthly,Fiber,Debit Card,3,0,0
Male,48,31,2505.415836961931,77589.03106659572,Monthly,Fiber,Credit Card,5,1,1
Male,25,24,335.88655077064544,8100.091685201687,Monthly,Fiber,UPI,6,0,0
Male,57,49,2717.4611598908095,133159.42944256458,Monthly,DSL,Cash,4,0,1
Female,42,32,377.1496552070911,12028.400480985876,Yearly,Fiber,Cash,1,0,0
Male,26,55,946.0436193854028,52016.90694224193,Monthly,Fiber,Credit Card,2,0,0
Female,19,58,386.45067199518667,22373.806524438325,Yearly,Fiber,Cash,9,0,0
Female,32,3,1205.7774150061532,3569.9374121670166,Monthly,Fiber,Debit Card,2,1,1
Male,67,69,1686.4396194258334,116297.05542455125,Monthly,Fiber,Debit Card,4,1,0
Female,20,10,2449.941146340873,24471.964890036223,Yearly,None,UPI,4,0,1
Female,66,25,1211.5501862685576,30238.952097977155,Yearly,DSL,Cash,3,0,0
Female,53,68,2203.823066617415,149896.655427395,Monthly,None,Debit Card,7,0,1
Female,21,61,805.262034221247,49157.75943572872,Monthly,Fiber,Credit Card,5,1,0
Male,31,29,2325.6158332091413,67443.22721157622,Monthly,Fiber,Cash,5,0,0
Female,58,19,936.1908359549413,17843.21478863795,Yearly,Fiber,UPI,0,0,0
Male,58,43,686.5708410481734,29590.814108872666,Yearly,Fiber,Credit Card,5,0,1
Female,42,66,799.6038960099465,52789.810428143326,Monthly,DSL,Credit Card,2,0,0
Female,67,61,790.5704479810095,48248.58435939427,Monthly,Fiber,Credit Card,5,0,0
Male,27,43,1683.729774317876,72356.95747762594,Yearly,Fiber,Debit Card,9,1,1
Female,38,25,2579.953469207994,64577.81057034095,Yearly,DSL,Credit Card,5,0,0
Female,53,20,513.9337078797652,10183.515366479809,Yearly,Fiber,Debit Card,1,1,0
Female,29,48,2207.7820599322413,105943.25937063615,Monthly,None,Credit Card,0,0,0
Male,44,24,2065.735441062716,49622.01066981515,Monthly,Fiber,Debit Card,2,0,0
Female,57,11,2654.8038699392782,29118.860471266293,Monthly,DSL,Cash,4,0,0
Male,19,55,958.1984133686495,52637.546640761386,Yearly,Fiber,Debit Card,3,0,0
Female,30,28,1514.29661844958,42418.162462160806,Monthly,None,Debit Card,6,1,0
Male,49,69,2798.733910997497,193124.63859312,Monthly,Fiber,Cash,3,0,0
Male,48,63,2080.9823153653565,131149.67152724363,Monthly,DSL,Credit Card,7,0,1
Female,33,59,1348.6747147263118,79634.33069667003,Yearly,Fiber,Cash,6,0,0
Female,49,5,653.8134337092249,3194.7830842484586,Monthly,DSL,Credit Card,9,0,0
Male,49,51,1007.7095213315959,51296.86178586644,Monthly,Fiber,Debit Card,8,1,0
Male,51,21,1868.281789221335,39271.845277579814,Monthly,Fiber,Credit Card,0,0,1
Female,28,12,2238.053458413387,26816.919860113914,Monthly,None,Debit Card,4,0,1
Male,27,50,634.9390945001123,31772.151507789207,Monthly,None,Credit Card,3,0,0
Female,32,4,1917.9126021189459,7601.759326088229,Yearly,Fiber,Debit Card,5,0,1
Female,34,42,1784.9484528646278,74961.64302964756,Monthly,DSL,Debit Card,0,0,1
Female,57,38,1686.6797060649117,64094.71377967933,Monthly,Fiber,UPI,5,0,0
Female,35,25,2162.3324177414215,54075.32600681018,Monthly,DSL,Credit Card,0,0,0
Male,26,14,2560.113906725347,35844.22869742097,Monthly,DSL,Credit Card,0,0,0
Female,42,32,1171.0721445775446,37473.44678052717,Monthly,DSL,UPI,7,1,0
Male,57,11,2699.3329132995905,29659.208877092267,Monthly,None,Debit Card,1,0,1
Female,31,61,732.7107540700869,44609.59204553891,Monthly,DSL,Debit Card,9,0,0
Male,42,18,766.1644483281437,13708.864109265955,Monthly,Fiber,UPI,5,1,0
Female,67,27,1019.2845717845946,27507.439093065488,Yearly,DSL,UPI,5,0,0
Male,39,55,621.7333477771101,34166.492753305254,Monthly,Fiber,Cash,5,1,0
Male,69,54,920.8619066437694,49729.769919698454,Monthly,DSL,Debit Card,7,1,1
Female,47,21,586.3117598376805,12273.514590442543,Monthly,DSL,Cash,3,0,0
Female,37,44,2517.731525860554,110817.76915615545,Yearly,Fiber,Credit Card,2,0,1
Female,38,5,674.2162780938863,3443.8723548713333,Monthly,DSL,Cash,5,0,0
Female,61,41,2316.7034054116134,94944.61225963352,Yearly,DSL,UPI,3,0,0
Male,49,59,428.3674433660011,25212.275960181873,Monthly,DSL,UPI,1,0,0
Female,68,54,2860.004884287571,154363.49986637966,Yearly,Fiber,UPI,5,0,0
Male,63,22,2219.1322363249687,48844.160007263476,Monthly,Fiber,UPI,9,0,1
Male,66,65,317.35068118250183,20616.565475090734,Monthly,DSL,Cash,4,0,0
Female,38,64,2361.4125505405777,151068.00637803623,Monthly,Fiber,Cash,8,0,0
Male,52,71,1687.0211860687002,119809.13155753608,Monthly,Fiber,Cash,5,1,0
Male,49,4,2403.2859599048234,9542.84047622035,Yearly,DSL,UPI,2,0,0
Male,47,65,1709.7413840045888,111144.05010146786,Monthly,Fiber,UPI,4,0,0
Male,56,15,2029.7671156154577,30451.93641055692,Yearly,DSL,Debit Card,9,1,0
Female,66,22,2422.095469566609,53332.94589070262,Monthly,DSL,Debit Card,7,0,1
Female,29,47,1392.791747387213,65372.234055187146,Monthly,DSL,UPI,8,0,0
Female,58,46,306.3120045152206,14167.926794070416,Monthly,Fiber,Debit Card,7,0,0
Female,64,14,2593.8555390520087,36354.57589195749,Monthly,Fiber,Credit Card,2,0,0
Male,35,50,1327.403979086589,66313.4241539992,Yearly,Fiber,Credit Card,8,0,0
Male,38,20,1638.3153602447742,32702.988274617433,Monthly,DSL,UPI,2,0,0
Female,30,50,319.96993381571554,15984.828733614533,Yearly,Fiber,Cash,7,0,0
Female,38,33,1627.6484279452645,53775.91118810265,Yearly,None,Credit Card,9,0,0
Female,25,59,2962.5159842436697,174857.03306900433,Monthly,DSL,Credit Card,8,1,0
Male,63,43,1050.322684210678,45167.96663948704,Monthly,None,Cash,6,0,0
Female,57,12,1366.6293296544209,16471.7141283904,Yearly,Fiber,Debit Card,3,1,1
Female,63,40,2154.412990465427,86077.60836045542,Monthly,Fiber,Cash,9,0,0
Female,24,20,2498.942902313878,49885.89297258388,Monthly,None,Debit Card,8,0,0
Male,40,38,1425.9573848164707,54268.74494175323,Monthly,Fiber,Debit Card,2,1,0
Male,61,3,1135.10595008349,3460.3842362276528,Monthly,Fiber,Cash,2,0,1
Male,49,28,2831.1296599596812,79261.77169052114,Yearly,Fiber,Debit Card,1,0,1
Male,28,56,2127.2914100135067,119179.04098705198,Monthly,None,Credit Card,9,0,0
Male,39,13,620.3575221314809,8155.7756800539355,Yearly,DSL,UPI,2,0,0
Male,39,66,485.1052709635513,32071.36578837064,Monthly,DSL,Debit Card,0,0,0
Male,60,37,1604.5845971339963,59438.10436072153,Monthly,DSL,Credit Card,3,0,0
Male,42,49,893.2431783276356,43821.037054332155,Monthly,Fiber,Cash,7,0,0
Female,39,66,984.7588341158844,64927.72527013508,Monthly,DSL,Debit Card,4,0,1
Female,45,36,2668.76888283519,96142.39460399598,Monthly,Fiber,Credit Card,1,0,0
Male,46,54,540.8282656540388,29143.748109322936,Yearly,DSL,Debit Card,2,0,0
Male,30,26,2230.483111118002,58071.08315467688,Yearly,Fiber,Cash,0,1,0
Female,35,40,1031.0840841275876,41235.093344719724,Monthly,Fiber,UPI,1,0,0
Male,19,43,2351.886197791172,101166.5018554826,Monthly,DSL,Debit Card,0,0,0
Male,46,22,2249.51073805157,49488.68440671067,Monthly,Fiber,UPI,1,0,1
Male,38,20,318.9581338995912,6297.960863875144,Monthly,DSL,Debit Card,2,0,0
Female,32,8,1673.6656148883176,13347.469380630673,Yearly,Fiber,Debit Card,0,0,0
Female,69,29,675.1626024207252,19676.461841000433,Yearly,Fiber,Cash,8,0,0
Female,44,40,2637.8129825624274,105604.66225283105,Monthly,DSL,Debit Card,9,0,0
Female,67,30,2652.2818837284976,79532.55389138604,Yearly,DSL,Credit Card,4,0,0
Female,48,55,1428.5336802331467,78668.6117736721,Monthly,Fiber,Credit Card,7,0,1
Male,32,16,1498.8681698179175,24051.00095618606,Yearly,DSL,UPI,4,0,0
Female,68,46,1117.8639363922232,51443.93297392871,Monthly,Fiber,UPI,7,0,0
Male,40,62,2233.8370071920835,138405.9193699614,Monthly,Fiber,Credit Card,6,0,0
Male,41,7,1267.3856801714396,8951.989127107754,Monthly,Fiber,UPI,3,0,0
Female,61,45,1022.0396812111112,46003.27151035287,Monthly,None,UPI,6,0,0
Female,30,59,1466.0238606621722,86569.10300930872,Yearly,DSL,Credit Card,5,1,0
Male,39,56,546.0162996461386,30643.79860416491,Yearly,Fiber,Credit Card,2,1,0
Male,60,48,2314.8286525393505,111178.37656492904,Monthly,DSL,Credit Card,8,1,1
Male,54,27,333.0102834338248,9030.91242485625,Yearly,DSL,Cash,9,0,0
Female,50,53,2039.1096661056035,108031.0953313322,Monthly,Fiber,Cash,8,0,1
Female,20,35,792.7342222381556,27712.92982988435,Yearly,DSL,Credit Card,4,0,0
Female,36,51,926.4909247789154,47212.73100624122,Monthly,Fiber,Debit Card,7,0,1
Female,40,37,2015.2063963281078,74466.6458640465,Monthly,DSL,Credit Card,6,0,0
Female,46,57,2979.9473576138494,169873.51316583235,Monthly,DSL,Cash,8,0,1
Male,47,8,2398.837220495887,19230.464498056303,Monthly,Fiber,UPI,6,0,1
Female,56,20,908.7670070031584,18246.113338768206,Monthly,Fiber,Debit Card,3,0,0
Male,61,53,774.2668386110613,40964.17553306279,Monthly,None,Debit Card,3,1,0
Male,64,12,2637.82874972271,31662.781626467884,Monthly,DSL,UPI,7,0,0
Male,42,49,1498.2966593880615,73318.13793814977,Monthly,DSL,Debit Card,5,0,0
Female,54,17,669.0425676360197,11292.74237935448,Yearly,Fiber,UPI,8,0,0
Female,64,64,2626.9708429692328,168036.9762988721,Yearly,Fiber,Cash,9,1,1
Female,25,42,2502.4493528685057,105147.96842728033,Monthly,Fiber,Debit Card,6,0,1
Male,59,29,2955.5471825223417,85627.08020592343,Monthly,Fiber,Debit Card,6,1,1
Male,33,19,2755.3079541242464,52394.14172467244,Yearly,DSL,UPI,3,0,0
Male,25,11,2598.8339143834623,28537.097999100202,Monthly,None,UPI,2,0,1
Male,18,50,440.95087408970846,22123.08629662481,Monthly,DSL,Cash,7,0,1
Male,61,71,580.9214976449186,41308.05633046199,Monthly,Fiber,UPI,6,0,1
Male,22,58,1835.2546246211316,106536.33427152068,Monthly,DSL,UPI,3,1,0
Female,20,34,1733.9939649609164,59032.54721176276,Monthly,None,Cash,3,1,0
Female,18,20,1535.5006791217459,30796.679466258185,Monthly,DSL,Credit Card,0,0,1
Female,21,50,1370.3311786193774,68588.30741027153,Monthly,DSL,Credit Card,6,0,0
Female,57,10,1463.268309133688,14671.359471459851,Yearly,None,UPI,0,0,1
Male,52,32,1836.1044221639472,58689.3933396714,Monthly,DSL,Cash,9,1,1
Male,49,52,304.6065975202193,15793.884574822221,Yearly,Fiber,Credit Card,9,0,1
Female,59,15,1002.913690158701,14986.25074560657,Monthly,Fiber,Cash,3,0,0
Male,51,3,1698.35524585952,5115.782895110201,Monthly,None,UPI,2,0,1
Female,60,37,2248.9834664188447,83213.11224509198,Monthly,DSL,UPI,2,0,1
Female,42,40,769.2230694675701,30842.338778134486,Monthly,Fiber,Cash,0,0,0
Female,27,40,1775.5791692260689,71113.70134234257,Monthly,DSL,Debit Card,3,0,0
Male,38,56,2228.0411464916106,124751.27618145382,Monthly,DSL,UPI,0,0,1
Female,63,23,1499.4946763675428,34489.647667109646,Monthly,None,UPI,7,0,1
Female,56,11,372.11906090913783,4187.612941361344,Yearly,Fiber,UPI,0,0,0
Female,44,64,1512.0240278572192,96724.78557118666,Yearly,DSL,UPI,5,0,1
Male,44,8,1099.4011969092135,8853.687730345471,Monthly,None,Cash,6,0,1
Male,19,56,2809.0539407935867,157252.0686649079,Yearly,Fiber,Cash,9,0,1
Female,58,60,635.4561413314839,38163.66050297409,Monthly,Fiber,Cash,1,0,1
Male,65,10,2060.685079869527,20557.57392422298,Monthly,None,Cash,3,1,1
Male,30,39,441.3433691031531,17289.13807278925,Monthly,DSL,Debit Card,2,0,0
Male,26,28,1503.6601820942806,42114.78068738719,Monthly,DSL,Cash,8,1,1
Male,69,49,1794.7446154942177,87879.67288739154,Monthly,DSL,Cash,6,1,1
Male,53,36,1103.4783145555366,39670.09315913902,Yearly,Fiber,UPI,1,0,0
Male,39,13,1527.704215905038,19858.924645907115,Monthly,None,Debit Card,5,0,0
Male,59,36,740.5952452315059,26753.74923344919,Monthly,Fiber,UPI,8,0,0
Male,43,26,1120.1343935636978,29177.422665432874,Yearly,Fiber,Debit Card,2,0,0
Male,29,4,1975.9870772575482,7901.6102375953615,Monthly,Fiber,Credit Card,5,0,0
Male,34,64,1113.8601508251188,71254.59348172005,Monthly,Fiber,Debit Card,2,0,0
Female,31,38,2728.3063117039537,103685.49354341993,Monthly,DSL,Debit Card,2,0,0
Female,31,22,1995.6987856306723,43955.045450560516,Monthly,DSL,UPI,3,0,0
Male,51,2,1483.352349777158,3023.490417244876,Monthly,None,Debit Card,8,0,1
Female,37,31,403.6437259962927,12477.877265504461,Monthly,Fiber,Debit Card,7,1,0
Female,28,11,1647.7805050526124,18169.81740922151,Monthly,DSL,UPI,0,0,0
Male,33,46,2363.8958537377407,108770.76702794331,Yearly,DSL,Credit Card,0,1,0
Male,68,62,1016.0055146335168,63084.164365677294,Yearly,DSL,Credit Card,6,0,0
Male,48,69,2477.288638051672,171019.13408366696,Monthly,DSL,Credit Card,2,0,0
Female,23,64,978.87826833738,62706.085038713034,Monthly,Fiber,Debit Card,6,1,1
Female,36,10,2523.115247467161,25275.8314124426,Monthly,Fiber,UPI,8,1,1
Male,54,40,529.224522351529,21123.78921200202,Yearly,Fiber,Credit Card,2,0,0
Male,21,24,2637.6960139463795,63373.89738593282,Monthly,DSL,Credit Card,2,0,0
Male,64,44,1646.8034175199923,72444.85151162234,Monthly,None,Credit Card,1,0,0
Female,21,60,1099.6514919747074,65933.53762698366,Yearly,Fiber,Credit Card,9,0,0
Female,37,62,1014.8057761209017,62894.7902710866,Yearly,Fiber,UPI,0,0,0
Female,27,17,1465.428509111979,24979.471752906946,Monthly,Fiber,Credit Card,8,1,1
Female,41,65,2996.4336448798413,194697.91356030526,Monthly,DSL,Debit Card,5,0,0
Male,52,57,893.8839622814729,50942.61759826792,Monthly,Fiber,Debit Card,5,0,0
Male,43,55,577.6849519732989,31771.14387743734,Monthly,Fiber,UPI,7,0,1
Male,54,53,1878.5949555403872,99472.85858316028,Monthly,Fiber,Cash,4,1,0
Male,55,56,1618.0646593886943,90550.77013167652,Yearly,DSL,Credit Card,8,1,1
Female,38,9,1714.3299318709298,15494.31787255354,Monthly,DSL,Credit Card,4,0,1
Female,57,22,2099.725627404486,46260.11728061765,Monthly,DSL,Debit Card,1,0,0
Male,56,13,1020.2889886507531,13222.23986923664,Monthly,Fiber,UPI,5,0,0
Male,38,48,2757.795487536499,132449.16284867152,Monthly,DSL,Cash,8,0,1
Female,27,18,1475.314578530184,26610.01900135698,Monthly,Fiber,Debit Card,2,0,0
Male,55,40,647.5327268846468,25884.890572144952,Yearly,Fiber,Cash,9,1,0
Female,63,17,2303.2066431816493,39204.19420296905,Monthly,DSL,UPI,3,1,0
Male,21,15,2035.3817520681957,30622.993207261898,Monthly,Fiber,UPI,9,0,0
Male,62,15,1151.5071867069,17264.40174421657,Monthly,DSL,UPI,7,0,0
Male,37,63,1977.1005548919309,124505.02039398234,Monthly,Fiber,Debit Card,5,0,1
Male,34,39,892.6272821962376,34900.8273056633,Monthly,Fiber,UPI,6,0,1
Male,24,13,1500.0662702194297,19521.610370565235,Yearly,None,Debit Card,6,0,0
Male,21,32,2727.4138098517783,87198.29494775299,Monthly,DSL,Debit Card,3,0,0
Male,46,9,659.5424295340234,5950.4184289775485,Yearly,DSL,Credit Card,5,0,1
Female,31,40,1343.0804149661474,53723.33277653555,Monthly,DSL,Debit Card,8,0,1
Female,20,20,2516.0845467449376,50392.808713713865,Monthly,DSL,Debit Card,2,0,0
Female,41,63,2916.625428396681,183753.5410269436,Yearly,DSL,Credit Card,7,0,0
Female,54,44,1524.600568338849,67033.47149377821,Monthly,DSL,Cash,6,0,0
Female,33,38,1667.8989743870382,63415.28983948043,Monthly,Fiber,Credit Card,3,0,0
Male,69,60,1843.8642968161782,110640.37289947782,Monthly,Fiber,Credit Card,9,0,0
Male,21,71,2816.3399824110193,199906.74767683574,Monthly,DSL,UPI,2,0,0
Female,41,48,2616.1583356379806,125590.32568221165,Yearly,Fiber,UPI,6,0,1
Male,51,18,759.6230364784396,13737.521772189852,Yearly,Fiber,Credit Card,9,0,0
Female,47,16,1478.2461081871024,23557.65191453844,Yearly,Fiber,UPI,8,1,0
Female,35,55,1551.801156130351,85375.23379489833,Monthly,Fiber,Credit Card,9,0,1
Male,36,39,2429.559501451643,94722.73759577096,Monthly,Fiber,UPI,2,0,1
Male,48,68,1926.8107830346753,130981.6675355098,Yearly,Fiber,Debit Card,9,0,0
Male,36,59,2065.395247478335,121836.83715129399,Yearly,Fiber,UPI,8,0,0
Female,66,62,2994.1397506971675,185605.06907607397,Monthly,Fiber,UPI,7,1,1
Male,63,13,501.3921173690353,6584.545347139147,Monthly,DSL,Debit Card,2,1,1
Female,36,6,901.1265235410791,5361.718703400054,Yearly,Fiber,Credit Card,7,1,0
Female,39,60,1400.3190309031766,84065.7724588119,Monthly,None,UPI,3,0,0
Female,41,14,1238.0124882319956,17250.986799293656,Monthly,DSL,UPI,5,0,0
Male,62,54,357.4430156368557,19392.20211888709,Yearly,DSL,Debit Card,9,0,0
Male,29,4,546.7995374721747,2211.6614773384094,Monthly,DSL,Debit Card,1,0,0
Female,47,39,2137.5738867896557,83406.7253002055,Monthly,Fiber,Debit Card,7,0,1
Male,55,25,2673.1760510789136,66789.00914339174,Yearly,Fiber,Cash,8,1,0
Male,48,32,1687.4129304181395,53979.633087122085,Monthly,None,Debit Card,6,1,1
Male,53,59,1754.815914686809,103478.89464377593,Yearly,Fiber,Credit Card,7,0,1
Female,36,63,987.7522686474243,62314.90014194818,Monthly,None,UPI,6,0,1
Female,65,38,2372.2661818110205,90143.73579823905,Monthly,DSL,UPI,9,0,1
Male,62,53,2328.845385891592,123454.89507538597,Monthly,Fiber,Cash,3,0,1
Female,53,67,1887.587360887673,126515.20758558022,Yearly,DSL,UPI,0,0,1
Male,47,28,873.1935735806256,24423.641278477426,Monthly,DSL,UPI,2,1,0
Male,66,3,560.9491892401415,1726.867898628253,Monthly,Fiber,Credit Card,6,0,1
Male,50,22,472.44415481423994,10428.969903864545,Monthly,Fiber,UPI,6,0,0
Male,35,38,1899.27937993577,72213.74830433405,Monthly,DSL,Credit Card,2,0,0
Female,69,62,2526.59536168556,156646.75840454566,Monthly,DSL,Cash,0,0,0
Female,66,57,2616.4921658084972,149116.64092754267,Monthly,Fiber,Credit Card,9,1,1
Female,45,6,1550.7796007273146,9249.094042005685,Monthly,Fiber,Debit Card,8,0,1
Male,64,32,2416.5325081281358,77393.96553066053,Monthly,None,Debit Card,5,1,0
Male,28,10,2855.576530120764,28577.435310513978,Yearly,DSL,Cash,6,0,1
Male,62,3,1041.9593037177835,3114.7483503728495,Yearly,DSL,UPI,0,0,0
Female,50,59,1373.4929352280444,81124.88235979674,Monthly,None,Credit Card,0,0,0
Male,34,49,2813.9932800110378,137795.23848304228,Monthly,Fiber,Debit Card,3,0,0
Female,23,59,1212.223611756669,71591.22748268448,Yearly,DSL,Credit Card,6,0,0
Female,21,31,2766.46598386885,85859.96201852354,Yearly,DSL,Debit Card,7,0,0
Female,37,69,2947.8211280870573,203477.04626018353,Monthly,DSL,Credit Card,9,0,0
Female,65,62,2085.888967150947,129387.20328048183,Yearly,Fiber,UPI,8,0,0
Female,64,52,2504.6037816612543,130214.25784506649,Monthly,Fiber,Cash,0,1,0
Female,44,41,2322.77302339693,95179.95679572658,Monthly,DSL,UPI,3,1,1
Male,32,31,2187.7424955619144,67866.98746651926,Monthly,Fiber,Credit Card,3,0,1
Male,23,22,1127.713897049328,24770.620808342926,Yearly,None,Debit Card,2,1,0
Female,64,4,453.15471235144804,1747.8267858367863,Monthly,Fiber,Debit Card,6,0,1
Female,31,13,1225.2396778030566,15985.420988860453,Yearly,Fiber,Cash,0,0,0
Male,28,45,2099.727160050548,94450.230932722,Monthly,Fiber,UPI,8,0,0
Female,56,42,575.8288352150637,24267.699424930142,Monthly,DSL,UPI,7,1,1
Female,26,49,331.1785540412536,16295.875676985252,Monthly,None,UPI,1,0,0
Male,43,20,676.1694060279344,13592.91618646054,Yearly,DSL,Debit Card,1,0,0
Female,33,54,2231.4870013091477,120554.61201590514,Monthly,None,Cash,7,0,0
Female,22,36,2925.5429944723987,105395.7240857613,Monthly,Fiber,Debit Card,0,0,0
Female,69,1,2953.2746889600153,3014.424067395639,Monthly,Fiber,UPI,6,0,1
Male,27,15,1632.7437026785074,24511.657812892554,Yearly,DSL,Credit Card,8,0,0
Male,67,17,2646.251212679338,44945.43515926512,Monthly,None,Debit Card,2,0,1
Male,20,24,2288.431430529061,54999.99617134029,Monthly,DSL,Cash,6,1,1
Female,30,58,1651.8086398584292,95873.02183634353,Monthly,DSL,UPI,5,0,0
Female,60,23,1845.4534389787343,42440.004960952996,Yearly,Fiber,Credit Card,6,1,1
Male,66,46,669.513295865552,30705.427347015782,Yearly,Fiber,Debit Card,6,0,0
Female,47,8,2830.6859436647987,22673.196294798774,Yearly,None,Credit Card,9,0,0
Female,62,59,1249.2103809757973,73613.53184830736,Monthly,Fiber,Credit Card,0,0,0
Female,23,59,1503.6029924343577,88797.83254599679,Monthly,Fiber,Cash,2,0,1
Female,34,13,2112.4826236943263,27554.600359351305,Yearly,DSL,Debit Card,9,1,0
Female,62,39,1200.5366731216957,46758.828280926056,Monthly,Fiber,Cash,0,0,0
Male,68,28,985.4997346701124,27629.270446374132,Monthly,DSL,UPI,4,1,0
Female,36,61,2002.8333618295956,122091.28887251788,Monthly,Fiber,Credit Card,2,0,0
Male,59,16,366.4570221609935,5909.21574029052,Yearly,DSL,Cash,0,0,0
Female,52,2,2244.957802472033,4459.373138174601,Monthly,DSL,Cash,1,0,1
Male,63,17,1686.8630986665764,28712.882699677888,Monthly,DSL,UPI,9,0,0
Female,43,30,1934.5350724065229,58010.627474036126,Yearly,DSL,Debit Card,4,0,0
Male,68,13,2005.0764299665898,25995.107091532314,Monthly,Fiber,Cash,2,0,1
Female,22,13,1722.035422529922,22367.682488989496,Monthly,DSL,Credit Card,5,0,1
Male,46,43,1871.8411990899872,80411.70626619642,Yearly,DSL,Credit Card,8,0,0
Female,54,21,2145.2281424026614,45065.16764545128,Yearly,DSL,Credit Card,5,0,0
Male,37,55,2332.4208873851203,128191.33911261152,Yearly,Fiber,Credit Card,1,1,1
Female,66,40,2263.121456472525,90530.32219482098,Yearly,Fiber,Cash,1,0,1
Male,38,15,2646.9644358771066,39781.74026757571,Monthly,Fiber,Credit Card,7,0,1
Male,27,52,810.4972695519874,42213.43267072722,Yearly,DSL,Cash,7,0,0
Female,22,53,1382.0995176278534,73327.83077420153,Monthly,Fiber,Debit Card,5,0,0
Female,53,52,2858.049378239034,148702.9774288552,Yearly,None,Credit Card,9,0,1
Male,23,30,1369.7945508430903,41014.74210286785,Yearly,DSL,Debit Card,6,0,1
Female,43,33,636.1492076459913,20918.673292892854,Monthly,DSL,Cash,0,0,0
Male,21,57,1717.7018411778847,97920.40630840206,Yearly,DSL,UPI,8,0,0
Male,56,52,594.6256258970478,30999.32708033137,Yearly,Fiber,Debit Card,4,0,1
Male,56,9,846.7037445652361,7715.203592391931,Monthly,DSL,Credit Card,8,0,1
Female,67,54,2994.460642741583,161610.12709151348,Yearly,DSL,UPI,1,0,1
Male,52,1,1760.6791236695562,1731.8339405096883,Monthly,None,Debit Card,7,0,1
Male,18,44,1065.9576504091583,46844.71546893496,Monthly,None,Cash,6,0,1
Female,41,9,2984.892377349546,26915.224565932167,Monthly,Fiber,Cash,3,0,1
Female,53,32,2908.7090800988867,93106.72933687178,Monthly,Fiber,Cash,2,0,0
Female,23,15,1488.9954109275116,22258.90877020944,Yearly,DSL,Debit Card,3,0,0
Female,58,12,1002.0883937273527,12021.765138201226,Yearly,DSL,Cash,3,0,0
Male,63,57,2562.679022848913,146109.7924068623,Monthly,Fiber,Debit Card,9,1,1
Male,61,8,2231.1759358238214,17905.20856537538,Monthly,Fiber,Credit Card,9,0,1
Male,48,27,2153.741874509478,58055.0411537127,Monthly,Fiber,Credit Card,7,0,1
Male,37,62,2710.407101570676,168123.33421217868,Yearly,DSL,Debit Card,3,0,0
Female,41,12,2160.4262614525765,25938.971414021024,Monthly,None,Debit Card,4,0,1
Male,42,65,1065.2544462121828,69303.92082678387,Yearly,DSL,UPI,1,0,0
Male,53,42,2172.430537064477,91303.67016271089,Yearly,Fiber,Cash,3,0,0
Female,38,62,1124.6964804658928,69669.15232093955,Monthly,Fiber,Credit Card,6,1,1
Male,47,11,2348.945245073887,25760.43211986348,Yearly,Fiber,Credit Card,2,0,0
Male,41,43,1972.319207127228,84853.98336026557,Yearly,DSL,UPI,0,0,0
Male,61,17,508.0111903588266,8567.475619864375,Yearly,DSL,Debit Card,7,0,0
Male,59,32,1683.6554785748835,53946.962812677215,Monthly,Fiber,Debit Card,7,1,1
Male,47,40,1225.9126168285006,49081.74256991244,Monthly,DSL,UPI,5,0,0
Male,39,23,1186.1407083771946,27349.60136554853,Yearly,None,Cash,6,0,1
Female,45,56,1925.0920164185945,107764.95545536316,Monthly,None,Debit Card,9,0,0
Female,24,6,1169.2770260674472,6978.981768486798,Monthly,Fiber,Debit Card,1,0,1
Male,52,50,2396.613120153156,119864.90031892706,Monthly,Fiber,Cash,4,0,1
Male,45,37,490.13687723017097,18041.353648528115,Monthly,Fiber,Cash,6,1,0
Female,31,64,2082.0482814687284,133296.3893632661,Monthly,DSL,UPI,8,0,0
Male,27,54,2483.8259698732013,134193.75898732382,Monthly,None,UPI,0,0,0
Male,33,49,2115.645562785161,103649.6652937937,Monthly,Fiber,UPI,2,0,0
Male,33,11,1641.5188265539884,18109.682858111566,Monthly,Fiber,Debit Card,5,0,1
Female,48,49,2864.828937087689,140311.5401006932,Monthly,None,UPI,6,0,1
Male,59,21,1108.8339224547717,23249.964450314103,Yearly,DSL,Debit Card,5,0,0
Female,42,66,350.75329631744,23244.578549573136,Monthly,None,Credit Card,0,0,0
Male,30,63,1465.3713029512903,92415.65772064331,Monthly,Fiber,Cash,3,0,0
Female,23,28,388.1322269308836,10870.223364669058,Monthly,Fiber,Cash,5,0,0
Female,61,17,2874.6292318213036,48955.55089925494,Monthly,Fiber,Credit Card,7,0,1
Male,26,6,865.7787235197391,5199.218476729805,Monthly,Fiber,UPI,9,0,1
Female,62,19,2429.1029646619745,46111.27395420975,Monthly,DSL,Debit Card,3,0,0
Male,53,56,2390.344624570785,133812.67883358372,Monthly,Fiber,Debit Card,6,0,1
Female,60,28,886.8680291439205,24918.205957103404,Monthly,Fiber,Debit Card,2,1,1
Male,37,66,1976.3116322964518,130371.05700936058,Yearly,None,Cash,7,0,0
Male,35,38,428.81321491341555,16310.828658350156,Monthly,Fiber,UPI,0,0,0
Female,60,37,1604.6513814004422,59383.20612542891,Yearly,DSL,Debit Card,3,0,1
Male,38,68,338.5472436357142,23069.136904159164,Monthly,Fiber,Debit Card,7,0,0
Male,21,49,2786.088476488273,136518.18392943032,Yearly,DSL,Debit Card,9,0,0
Female,67,43,2934.4322653388435,126135.0445417119,Monthly,Fiber,Credit Card,3,0,1
Male,50,36,899.1634699241802,32303.764217196804,Monthly,DSL,Debit Card,1,0,0
Male,44,58,860.8862934102065,49955.56877849316,Monthly,Fiber,Credit Card,1,0,0
Female,24,13,2334.04447671775,30386.376348701397,Monthly,Fiber,Debit Card,3,0,0
Female,23,52,983.124376839203,51136.37185137496,Monthly,DSL,Debit Card,3,0,1
Male,32,58,2715.706709736982,157558.6594201692,Monthly,Fiber,Debit Card,1,1,0
Male,35,32,1848.608667532052,59083.78160151566,Yearly,Fiber,Credit Card,6,0,1
Female,49,60,1246.0995821278427,74842.4689666592,Monthly,None,Debit Card,5,0,0
Female,28,58,2547.273115143434,147758.3197800009,Yearly,None,UPI,2,0,0
Male,37,56,1631.198091116167,91272.46188788388,Monthly,Fiber,Debit Card,7,0,1
Female,41,28,2760.408867012884,77283.8333172019,Yearly,Fiber,Credit Card,7,0,1
Male,32,1,2804.6384391693286,2873.596786742511,Monthly,Fiber,Credit Card,0,0,0
Male,65,42,745.6344107467052,31396.15769005225,Monthly,Fiber,UPI,2,0,0
Male,24,48,305.27319655621176,14606.043335697916,Monthly,None,Cash,4,0,0
Male,38,40,2955.613538384486,118266.79470032154,Monthly,DSL,UPI,1,0,0
Male,59,63,2745.5713475441944,172890.99194478098,Monthly,DSL,UPI,4,0,0
Female,43,4,448.70213640037184,1701.517719883919,Monthly,None,Credit Card,9,0,1
Female,61,38,2548.1925126408887,96843.39527111777,Yearly,DSL,Debit Card,2,0,0
Female,31,27,1535.073317909858,41485.94509943179,Yearly,DSL,Debit Card,8,0,1
Female,54,9,998.1963335674332,9042.9243483422,Monthly,Fiber,Cash,0,1,0
Male,38,16,2671.6156139277105,42713.89307053443,Yearly,Fiber,Cash,3,0,0
Male,35,56,830.0015274538296,46381.390619500235,Yearly,DSL,Cash,9,0,0
Male,22,31,2856.7099984341808,88553.91379888188,Yearly,Fiber,Cash,5,0,0
Male,20,14,854.1780167882209,11861.662944109807,Monthly,Fiber,UPI,8,0,0
Female,40,25,1955.9446068676075,48817.01207382435,Monthly,Fiber,UPI,2,0,1
Male,43,34,901.3331032282322,30610.663314266247,Monthly,Fiber,Debit Card,2,0,0
Male,54,67,1772.3053954153138,118731.89590273806,Monthly,DSL,UPI,4,0,0
Female,41,24,2145.7328507708817,51453.48230674709,Monthly,DSL,Debit Card,6,0,1
Female,66,26,812.6154132143714,21144.373796874595,Monthly,Fiber,Debit Card,4,1,1
Female,36,20,1705.391613291834,34018.9022236803,Monthly,Fiber,Debit Card,7,1,1
Female,68,64,1565.4613098533214,100118.43977266048,Monthly,DSL,Debit Card,4,1,0
Male,42,10,490.80103778902134,4947.0620580413,Yearly,Fiber,Credit Card,6,0,1
Male,38,67,2508.431107723318,167993.3123881819,Monthly,DSL,Debit Card,5,1,1
Female,29,24,1205.3424817356727,28956.17460197023,Monthly,DSL,UPI,9,0,1
Male,58,5,1850.371933390075,9162.796591101049,Yearly,Fiber,UPI,1,0,1
Male,50,67,1688.917434319463,113138.94455522783,Monthly,DSL,UPI,2,0,1
Male,67,58,1684.803362340194,97654.0769097555,Monthly,DSL,UPI,3,0,1
Female,21,27,588.5004643629161,15811.439794305772,Yearly,Fiber,Credit Card,4,1,0
Male,59,15,1442.4014249731986,21649.427931298225,Monthly,Fiber,Cash,8,0,0
Female,24,35,1520.3902498577395,53299.32589942201,Monthly,None,Cash,5,0,0
Male,39,53,2279.835668984011,120742.2478657373,Monthly,Fiber,Debit Card,0,0,1
Male,50,44,2567.050846185886,112934.54808182258,Monthly,DSL,Debit Card,2,1,0
Male,34,26,1770.4521508700486,46073.26301017035,Monthly,DSL,UPI,6,0,1
Female,41,47,533.3139759754742,25058.294437184857,Monthly,Fiber,UPI,7,1,0
Male,51,34,938.493570610675,31970.080589983998,Monthly,Fiber,Cash,6,0,0
Female,45,50,744.3218725023739,37152.02268829152,Monthly,DSL,Cash,4,0,0
Female,60,12,635.4606706106367,7717.446888333189,Yearly,Fiber,UPI,9,0,0
Female,58,4,1286.9281062680805,5124.74495062683,Monthly,DSL,Debit Card,7,0,1
Male,56,48,918.3624558168315,44049.71180579677,Yearly,None,Credit Card,8,0,0
Male,39,55,888.4184018910832,48937.93326291021,Monthly,DSL,Credit Card,6,0,0
Male,66,1,446.67157135592265,459.444977734276,Yearly,Fiber,Cash,8,0,0
Male,34,66,346.70912094767147,22886.09085092688,Monthly,None,Cash,0,0,0
Female,51,30,576.4742551544109,17339.623238538014,Monthly,DSL,Cash,8,0,0
Female,23,3,763.9331944438093,2307.7664309876463,Monthly,None,Credit Card,2,0,0
Female,63,21,1462.6560678901485,30648.28055464454,Yearly,DSL,Credit Card,5,0,0
Male,23,49,1677.4047055068806,82227.67009441015,Monthly,DSL,UPI,7,0,0
Female,51,62,678.5981790680871,41999.78087807782,Monthly,DSL,Debit Card,2,0,0
Male,18,38,1445.915022115303,55005.94238144832,Monthly,Fiber,Cash,3,0,0
Female,27,15,1221.7218742800037,18423.77543374251,Yearly,None,UPI,6,0,0
Male,38,52,794.2438374444813,41276.15707210798,Yearly,Fiber,Credit Card,6,0,0
Male,22,46,317.4700200005816,14592.572099667155,Monthly,Fiber,UPI,3,0,0
Female,19,25,1559.9482396087026,38907.99272131413,Yearly,None,Credit Card,8,1,0
Female,39,21,2150.259723016038,45058.200820953316,Monthly,Fiber,Debit Card,2,0,1
Female,65,5,909.9488021882789,4634.02787791666,Yearly,None,Credit Card,7,1,0
Female,19,70,654.8784407210343,45767.21566256024,Yearly,DSL,UPI,7,0,1
Male,27,47,2694.015410006797,126607.88001983135,Monthly,Fiber,Debit Card,3,0,0
Female,51,68,1041.566885717054,70889.61915353077,Monthly,Fiber,Credit Card,6,0,1
Female,33,18,902.7540734401949,16327.437073909172,Yearly,DSL,Cash,3,0,0
Female,65,21,2613.1617369467726,54880.27601293892,Monthly,DSL,Credit Card,0,0,1
Male,68,23,2505.1891677502554,57632.35736325106,Yearly,None,Debit Card,0,0,0
Male,56,64,1509.5354704165109,96644.20690114934,Monthly,None,UPI,0,1,1
Female,39,67,1619.9449258549912,108628.58652631316,Monthly,Fiber,Debit Card,1,0,1
Male,29,40,886.9215030518593,35497.394114263276,Monthly,Fiber,UPI,5,0,0
Female,41,10,510.41451029480527,5116.040154839321,Monthly,None,Credit Card,9,0,1
Male,64,52,1847.2659284602848,95960.73510698801,Yearly,DSL,Credit Card,4,0,0
Male,57,61,564.5312882935755,34352.59852631258,Monthly,Fiber,Debit Card,1,0,0
Male,55,64,1512.0412767829546,96786.07603943389,Yearly,DSL,Cash,7,0,1
Male,27,5,2838.3424359851288,14278.960257487084,Yearly,None,Credit Card,8,0,0
Female,52,53,2871.6528507605776,152270.93935999047,Yearly,DSL,Cash,6,0,0
Female,68,55,945.1971736778682,52082.3603368812,Monthly,Fiber,Cash,8,0,0
Female,66,37,1984.1062341232669,73417.49747007313,Yearly,DSL,Debit Card,3,0,0
Male,49,56,1579.0059130912157,88481.91732079563,Monthly,DSL,Credit Card,6,0,0
Female,24,59,2663.349844482486,157205.72089076453,Yearly,None,Cash,4,0,0
Female,38,69,1031.8633335453437,71228.17634609489,Monthly,None,Credit Card,4,0,0
Female,37,59,308.9964984475255,18198.543389246905,Monthly,DSL,UPI,2,0,0
Male,43,2,737.9152560148208,1469.8261989612004,Yearly,DSL,Cash,8,0,0
Male,21,65,1242.7115631573747,80847.83501967807,Monthly,None,Debit Card,9,0,0
Male,63,60,1151.447050380319,69046.53260801556,Monthly,Fiber,Debit Card,4,1,0
Female,69,51,2435.679881631792,124304.42258947472,Yearly,Fiber,Cash,5,0,1
Female,39,30,2136.513798574862,64041.37522553039,Monthly,None,Credit Card,2,0,1
Female,32,11,1107.8020629602227,12235.725975593805,Monthly,Fiber,UPI,9,0,0
Male,57,39,1534.908306348776,59887.53579447141,Monthly,Fiber,UPI,6,0,1
Male,38,63,557.0095806875051,35141.52347153698,Monthly,Fiber,Debit Card,8,1,1
Female,32,64,2723.995401014272,174323.17517939993,Monthly,Fiber,Debit Card,8,0,0
Male,39,61,2824.6470260110423,172389.9967991844,Monthly,Fiber,Credit Card,9,0,1
Male,69,54,2944.4695455285328,159027.84989902307,Yearly,Fiber,Debit Card,9,0,1
Male,45,58,2644.0926431217617,153315.03246197302,Monthly,None,Credit Card,4,0,0
Male,31,56,768.6943967798089,43074.577233799726,Monthly,DSL,Cash,6,0,0
Female,44,34,423.73050464439785,14364.200307350933,Monthly,DSL,UPI,2,0,0
Male,58,31,1863.9111640142198,57739.972562792784,Monthly,Fiber,Cash,5,0,0
Male,57,52,2763.033572584398,143657.66547671286,Yearly,DSL,Debit Card,7,0,1
Male,45,1,777.8486764813057,848.3347599951295,Monthly,DSL,UPI,7,0,1
Male,43,55,318.01586948518303,17490.932396563865,Monthly,DSL,UPI,1,0,1
Female,66,22,2473.8393242870598,54460.24530276136,Monthly,Fiber,Cash,5,0,0
Female,19,40,506.34834757418184,20232.327451022167,Monthly,Fiber,Credit Card,6,0,1
Male,42,1,1416.006286157082,1368.7273741184583,Yearly,DSL,UPI,6,1,1
Male,20,65,2131.9958104097195,138670.655708775,Monthly,DSL,Credit Card,2,0,0
Male,25,63,938.3534807316863,59136.98553552086,Monthly,DSL,Cash,8,1,1
Male,61,54,525.6989213061621,28474.532018249298,Monthly,DSL,Cash,1,0,0
Male,50,42,2378.0573168307374,99819.08990733062,Yearly,Fiber,Credit Card,2,0,0
Male,59,21,2000.4727291950119,41939.30614587784,Yearly,DSL,Cash,1,0,0
Female,69,22,2967.9243081143727,65365.49935994098,Yearly,Fiber,UPI,8,0,0
Male,52,38,1228.63168996389,46724.18766115127,Monthly,DSL,Cash,3,1,1
Female,23,8,465.7584429835392,3663.383243719042,Monthly,None,Cash,1,1,1
Female,56,62,2281.7450954052983,141422.0678552612,Monthly,DSL,UPI,2,0,0
Male,69,47,1707.6802309037632,80321.10364078193,Yearly,Fiber,Credit Card,3,0,0
Female,40,17,874.6506147506647,14859.834174760486,Yearly,Fiber,Cash,9,0,0
Female,42,17,2409.6682703128504,40998.468696619675,Monthly,DSL,Credit Card,5,1,0
Female,67,13,849.1398117948481,11002.487957760228,Monthly,None,UPI,4,0,0
Female,60,17,1002.7864680489288,17023.615947386766,Monthly,DSL,Credit Card,2,0,0
Female,36,38,548.8270967901417,20953.572189750008,Monthly,DSL,Credit Card,9,0,0
Female,22,45,1377.467153383307,61935.54531968376,Monthly,Fiber,Debit Card,7,0,0
Male,68,6,1430.1089046310312,8581.944703193489,Monthly,DSL,Debit Card,7,0,0
Female,28,35,1688.3168339404058,59159.969656552305,Monthly,DSL,Cash,6,0,0
Female,29,14,2213.203521234199,30932.69394001196,Monthly,None,Debit Card,2,1,1
Female,27,61,2745.4725074371495,167456.865705003,Yearly,Fiber,Debit Card,0,0,0
Male,25,15,670.8820669970833,10086.249262430247,Monthly,DSL,Debit Card,4,0,0
Female,41,54,445.73986554137406,24066.19036952922,Monthly,Fiber,Credit Card,0,0,0
Male,45,27,349.03433070469987,9415.82738234096,Monthly,DSL,Credit Card,5,0,0
Female,58,13,686.7777207858039,8900.612316479876,Yearly,DSL,Debit Card,6,0,1
Male,53,31,2075.46361161039,64356.70122547708,Yearly,Fiber,UPI,4,0,0
Male,54,35,2263.188110590541,79236.45841025365,Monthly,Fiber,Debit Card,3,0,0
Female,38,60,2422.56542652593,145384.58349973607,Monthly,DSL,UPI,1,0,1
Female,25,6,957.0121721417252,5656.146654431556,Monthly,DSL,Credit Card,4,0,1
Male,26,69,1124.9159958061036,77645.41054576356,Monthly,Fiber,UPI,8,0,0
Female,64,58,1603.4635430268486,93091.53293131346,Yearly,Fiber,Credit Card,3,0,0
Male,32,49,469.5943615226115,23018.320961713584,Yearly,DSL,UPI,1,0,0
Male,65,23,1949.0821126703647,44871.94200792024,Monthly,None,Credit Card,5,0,1
Male,63,34,2955.084590924546,100484.22255298641,Yearly,Fiber,Credit Card,7,0,0
Male,57,26,1273.1770407206068,33173.55118245417,Yearly,DSL,Debit Card,1,0,0
Male,35,47,2331.688182746737,109675.26120801615,Yearly,Fiber,Cash,8,0,1
Female,59,5,1649.0915720379414,8182.301840048978,Monthly,Fiber,Cash,6,0,1
Male,37,20,644.0919797730334,12869.211602772093,Monthly,Fiber,Credit Card,1,0,0
Male,23,6,1871.041111766983,11204.723090788442,Monthly,None,Debit Card,4,0,1
Female,29,70,1108.6605247989755,77587.27976058814,Monthly,Fiber,Cash,4,0,0
Male,19,59,391.88866282433725,23046.535942881474,Monthly,DSL,Cash,6,0,0
Female,24,64,2013.3102713179082,128914.58050954227,Yearly,DSL,Debit Card,4,0,0
Female,33,18,2618.1173431767647,47033.26542578475,Monthly,None,Debit Card,5,0,0
Female,20,4,1229.8783706296604,4925.158804064073,Yearly,DSL,Cash,8,0,1
Male,62,17,1352.7979774744804,23029.941294675107,Monthly,DSL,Cash,2,0,0
Male,20,14,2704.7585440114713,37808.11350377237,Monthly,None,UPI,2,0,0
Male,44,13,2495.743796091861,32525.83938761395,Yearly,DSL,UPI,7,0,1
Female,67,7,2229.3726235897984,15673.318206533546,Monthly,DSL,Credit Card,9,0,1
Male,60,44,970.7520721334994,42707.307919770756,Monthly,Fiber,Cash,5,1,1
Female,57,15,2756.5849684099403,41331.00431261714,Yearly,Fiber,Debit Card,9,0,1
Male,55,19,715.9225453558751,13549.841946803846,Yearly,DSL,Debit Card,2,1,0
Female,50,63,1991.280402426499,125496.66399779842,Monthly,Fiber,Cash,1,1,1
Male,45,35,376.7631874756005,13113.060321572411,Yearly,Fiber,Credit Card,1,0,0
Male,18,35,2037.0434770773538,71332.56924847614,Yearly,DSL,Debit Card,1,0,1
Male,25,19,1047.2897500580716,19966.996648327044,Yearly,Fiber,Cash,4,0,0
Female,54,20,1513.1278383960441,30208.25108310429,Yearly,DSL,Cash,4,0,0
Female,49,35,1231.2142905540434,43165.78564997127,Monthly,Fiber,Credit Card,0,0,1
Male,65,32,765.4432418647667,24400.848379560437,Monthly,None,Cash,1,0,0
Male,60,48,1978.34813325346,95043.26787324339,Monthly,None,Debit Card,1,1,1
Female,54,44,2680.33399887964,117858.36839627443,Monthly,None,UPI,3,0,1
Female,21,24,2888.527454162489,69353.81073548734,Yearly,Fiber,Credit Card,6,0,0
Female,47,61,818.3351805155706,49868.462505232594,Monthly,DSL,Cash,2,0,0
Male,23,17,2235.906489970028,38077.7208077244,Yearly,None,Credit Card,4,0,0
Female,63,71,2092.716289835342,148585.31665049237,Yearly,None,Cash,8,0,1
Male,36,50,1226.1200318513459,61233.04983081659,Yearly,DSL,UPI,4,0,0
Female,49,65,350.56783825505977,22801.10780084408,Yearly,Fiber,Credit Card,8,0,0
Male,26,32,2161.4363677447386,69147.54028987103,Monthly,DSL,Cash,0,0,1
Female,29,36,2851.8361235106504,102698.39000970603,Monthly,DSL,UPI,8,0,1
Female,28,13,2005.7243291722586,26150.796936192055,Monthly,Fiber,Debit Card,4,0,0
Female,63,70,1474.2903553066121,103182.20269769953,Monthly,DSL,Cash,7,0,0
Female,33,58,1716.9155141013966,99539.07595378779,Monthly,DSL,UPI,4,0,1
Female,18,14,837.9977806817773,11634.871948450404,Monthly,DSL,UPI,5,0,0
Male,62,37,2325.4692421350915,86057.32976657036,Yearly,DSL,Credit Card,7,0,1
Female,38,68,2314.3335410265927,157355.13574329458,Yearly,DSL,Cash,1,0,0
Female,47,40,691.8967110460474,27650.798285644858,Yearly,None,Debit Card,2,0,0
Female,30,59,2669.5416327490793,157439.5433964525,Monthly,DSL,Cash,8,0,1
Male,51,16,1025.8122965779244,16399.007814285043,Monthly,DSL,UPI,4,0,0
Female,21,62,2951.09136452886,183064.55299150597,Monthly,DSL,Debit Card,4,0,0
Male,45,4,1332.8381379005637,5290.9033823367035,Monthly,DSL,UPI,8,0,1
Female,55,45,779.286958583149,35087.85401892333,Yearly,DSL,Credit Card,9,0,0
Female,48,28,1248.644300633261,35017.33779399444,Monthly,DSL,Cash,2,0,0
Male,44,66,1487.4868874824215,98223.96613847512,Yearly,DSL,UPI,3,0,0
Female,22,31,486.13098720339605,15035.815460803795,Monthly,DSL,UPI,6,0,0
Male,42,3,1860.1896293028817,5602.740904612015,Monthly,Fiber,Cash,1,0,1
Male,20,8,1912.6075876460309,15375.113638222278,Monthly,Fiber,Debit Card,7,0,0
Female,50,24,2294.112229443575,54961.78299219241,Monthly,Fiber,UPI,4,0,0
Male,21,15,377.75870918500686,5653.527509143764,Monthly,None,Cash,0,0,0
Female,42,43,1760.3431789713413,75639.61137941606,Yearly,Fiber,Credit Card,2,0,0
Female,37,31,441.8500698307938,13675.078622834375,Yearly,Fiber,Credit Card,8,0,0
Male,51,45,2192.089393909964,98627.22064754344,Monthly,Fiber,Cash,4,1,1
Male,43,66,449.46556139265806,29714.061244872762,Yearly,DSL,UPI,7,0,0
Male,22,8,2760.665190522408,22004.08589865835,Monthly,Fiber,Cash,0,1,1
Male,52,71,2194.6229305881407,155820.7448523845,Yearly,DSL,Cash,6,0,0
Female,45,57,1668.9523657299242,95143.12380496542,Monthly,Fiber,UPI,6,0,0
Female,46,30,1491.0605928591724,44730.64930648553,Yearly,DSL,Debit Card,7,0,1
Male,26,18,651.8161021158085,11779.064488697097,Monthly,None,Debit Card,2,0,0
Female,69,69,1084.6983518245902,74820.94452707809,Monthly,None,Credit Card,0,0,0
Female,55,39,2645.1895835564196,103251.38717142837,Monthly,Fiber,Debit Card,8,0,1
Female,67,60,2741.0225912187334,164457.7161616318,Monthly,DSL,Cash,0,0,0
Female,23,43,301.0188126004339,12958.051723741617,Monthly,DSL,UPI,5,0,0
Male,36,45,1903.1682569893885,85707.67772919184,Monthly,Fiber,Credit Card,8,0,1
Male,61,23,2241.1116443678065,51500.615041645775,Yearly,Fiber,Debit Card,1,0,1
Female,28,69,1969.616852635537,135818.60323760464,Yearly,Fiber,Cash,3,1,1
Male,19,6,519.5353651391557,3158.768986507431,Yearly,DSL,Credit Card,1,0,0
Male,64,56,886.857226757036,49660.60706950369,Yearly,Fiber,UPI,3,0,0
Male,61,4,974.9187219297423,3978.975737910768,Yearly,DSL,Debit Card,1,0,0
Female,61,23,2544.656504523742,58623.63561379055,Monthly,DSL,Cash,0,0,0
Female,26,6,1549.6384780340852,9277.652738319457,Monthly,DSL,UPI,2,0,1
Female,38,32,1613.4361722413394,51613.04531497479,Yearly,DSL,Cash,7,0,0
Male,41,18,2823.211225697173,50799.394582990266,Yearly,DSL,Cash,4,0,0
Female,51,15,2019.1318999077318,30251.889320562164,Monthly,DSL,Cash,3,0,0
Female,39,40,2725.4027941921922,109072.44918724097,Monthly,DSL,UPI,4,0,1
Male,20,6,1531.573909422139,9241.24260903098,Monthly,Fiber,Credit Card,5,0,1
Female,29,63,702.4778979993944,44251.83654807195,Yearly,Fiber,Cash,5,1,0
Female,45,67,2809.826104000031,188167.28121127785,Monthly,None,Credit Card,4,0,0
Male,47,11,1537.5038123023533,16874.4537956285,Yearly,None,Credit Card,5,0,0
Male,43,43,789.404839072819,33902.868689442184,Yearly,DSL,Debit Card,8,0,0
Male,65,17,1115.46849882059,19025.181929190083,Monthly,Fiber,Debit Card,4,1,0
Female,38,4,436.1669921601441,1662.1830833238114,Monthly,Fiber,Credit Card,5,0,1
Female,45,63,1563.41159693224,98556.06568253966,Monthly,Fiber,Debit Card,3,0,0
Female,43,68,2602.446064157639,177000.16909315926,Monthly,None,Debit Card,2,1,1
Male,50,41,2819.6672312180613,115652.8447717666,Monthly,DSL,Credit Card,5,0,1
Male,38,5,2817.025960259838,14071.572438816194,Yearly,None,UPI,4,0,1
Female,52,32,637.1210691976162,20423.81937352407,Monthly,DSL,Debit Card,3,0,1
Female,69,70,1330.545482779854,93159.98958353116,Monthly,Fiber,Debit Card,4,0,0
Male,51,35,375.2176510569072,13186.413826037478,Monthly,Fiber,UPI,6,0,0
Male,58,22,2607.9464314229767,57364.17545819914,Yearly,Fiber,UPI,0,0,0
Male,68,65,1267.6405574574392,82391.20135971281,Monthly,DSL,UPI,0,0,0
Male,64,22,2003.0159753090338,44095.06670134671,Yearly,Fiber,Credit Card,0,0,0
Female,35,11,2229.2257828086795,24443.09910962875,Monthly,DSL,UPI,1,0,1
Male,28,3,1459.5806083065195,4365.990714592422,Monthly,DSL,Credit Card,8,0,1
Female,40,9,1126.3943086856561,10231.938947222867,Monthly,Fiber,Cash,4,0,1
Female,65,60,2896.9748573130505,173726.00190279505,Monthly,Fiber,Cash,8,1,1
Female,39,14,2903.1182075644065,40606.85585047497,Monthly,Fiber,UPI,4,0,1
Male,34,18,1080.478193681059,19411.42945007694,Monthly,DSL,UPI,6,0,1
Male,22,23,1593.9877612100368,36688.411331678,Monthly,DSL,Cash,5,0,0
Male,61,47,2925.6792283820605,137428.08380584168,Monthly,Fiber,Credit Card,1,0,1
Male,28,69,312.1447006698587,21563.693152396023,Yearly,None,Credit Card,2,0,0
Female,47,47,1413.231270623703,66340.87776744437,Yearly,DSL,UPI,4,0,0
Male,32,30,570.2353841386148,17026.052253642112,Monthly,DSL,UPI,3,0,0
Male,44,25,1673.7265070190272,41888.79934691338,Monthly,DSL,UPI,5,0,0
Female,52,28,365.6088772593153,10201.875598027387,Yearly,DSL,Cash,7,0,0
Male,50,25,1397.6257647546952,35036.12870841013,Yearly,DSL,Debit Card,7,0,0
Female,37,58,894.8875019204048,51810.94569867059,Yearly,Fiber,UPI,2,0,0
Female,33,41,1738.9325786386003,71285.2570569262,Monthly,Fiber,Credit Card,3,0,0
Female,51,25,2988.1828525718893,74627.19850183204,Yearly,DSL,Debit Card,0,0,0
Female,19,48,2460.447483842219,118071.75501777812,Monthly,DSL,Credit Card,1,0,0
Female,52,10,2582.2336473859377,25921.980963981187,Monthly,DSL,Debit Card,8,0,1
Female,57,11,2014.2154658695183,22234.13862691241,Yearly,None,Cash,9,0,1
Female,45,21,411.2115903350981,8545.108278808138,Yearly,None,Debit Card,9,1,0
Female,64,45,857.3537253191892,38593.56880812865,Monthly,Fiber,Credit Card,1,0,0
Male,56,7,2796.6743024070483,19606.284577814225,Monthly,Fiber,Debit Card,5,0,0
Male,23,64,1287.5054184076284,82342.25370287824,Yearly,Fiber,Cash,6,0,1
Male,26,64,578.8191614981481,36973.44745056077,Monthly,DSL,Credit Card,5,0,0
Male,37,2,2195.494487838745,4471.865202610595,Monthly,Fiber,UPI,7,0,1
Female,18,42,1107.5358546224875,46610.269182441145,Monthly,Fiber,Debit Card,8,0,0
Male,25,54,1024.9136648412637,55443.71647289217,Monthly,Fiber,Credit Card,7,1,1
Female,40,16,2993.539130007303,47954.578434863775,Yearly,Fiber,Debit Card,4,1,0
Male,20,18,2615.9750975719667,47120.25217017645,Monthly,Fiber,Cash,7,0,0
Male,21,59,1400.4321095931707,82594.64051643568,Monthly,Fiber,Credit Card,9,0,1
Male,42,16,2945.7052611045474,47065.56384013771,Yearly,DSL,UPI,9,0,0
Female,64,6,2054.3057032318766,12241.630339264506,Monthly,Fiber,UPI,8,0,1
Male,55,57,2302.4606200753524,131278.91483800538,Monthly,Fiber,Debit Card,7,0,0
Female,32,47,384.0852163219713,18108.949850168523,Yearly,DSL,Cash,1,0,0
Female,38,48,627.3342002397542,30177.332341999198,Monthly,DSL,Cash,1,0,0
Male,52,42,2008.3298415398435,84432.60634533418,Monthly,Fiber,Debit Card,2,0,1
Male,63,60,2726.3647531536067,163657.8711019441,Yearly,Fiber,Credit Card,6,0,1
Male,69,4,1983.1080604365084,8032.380496197652,Yearly,DSL,Credit Card,8,1,1
Female,31,2,660.8672146612778,1270.547231516006,Yearly,Fiber,Debit Card,7,1,0
Male,53,59,611.5521248650765,36134.23689008196,Yearly,Fiber,Credit Card,8,0,0
Female,29,27,2578.3019187250206,69631.44370805052,Yearly,Fiber,Credit Card,5,0,0
Female,34,27,675.1163145113686,18180.38951829767,Yearly,Fiber,Credit Card,0,1,0
Male,56,7,1703.6262933608687,12021.765117983468,Yearly,DSL,Debit Card,3,0,0
Male,26,63,399.2059638982161,25229.555346542464,Monthly,None,UPI,5,0,1
Female,52,46,516.8083719561789,23698.888243673056,Monthly,DSL,Cash,5,0,0
Female,30,63,2114.340322635735,133108.671994516,Yearly,DSL,UPI,7,1,1
Female,32,12,2159.7898081542953,25955.14385031808,Monthly,Fiber,Credit Card,0,0,0
Male,35,13,1220.9673978427945,15893.402297727636,Monthly,DSL,Debit Card,1,0,0
Female,68,43,881.1463661562209,37976.456869539725,Monthly,Fiber,Cash,1,1,0
Male,50,17,2496.0177310447316,42379.10248519251,Monthly,Fiber,Credit Card,5,0,0
Female,23,63,885.178719568704,55683.13692240734,Monthly,DSL,Cash,6,1,0
Female,44,36,1762.4730880992252,63400.8742383265,Yearly,None,Cash,1,0,1
Male,40,8,2913.163870329845,23209.096490741053,Yearly,Fiber,UPI,4,0,1
Female,44,69,698.2015822284362,48083.08772399989,Yearly,DSL,Credit Card,5,0,0
Male,51,36,2839.365922235714,102300.14476166986,Yearly,Fiber,Cash,3,0,0
Male,63,28,792.8112432854053,22169.118128491726,Monthly,Fiber,UPI,0,0,1
Female,55,47,1831.0966616627197,86043.70489834977,Monthly,Fiber,Debit Card,2,0,0
Male,31,30,1316.9208222886105,39411.29899956593,Monthly,DSL,Cash,9,0,0
Male,53,23,2904.30722405493,66753.17050929775,Monthly,DSL,Credit Card,8,0,1
Female,25,16,1037.5634783052296,16661.96084963196,Monthly,DSL,Debit Card,5,0,0
Male,52,14,1378.076605631535,19316.17067077483,Monthly,Fiber,Cash,1,0,0
Male,36,71,2952.7223182096354,209694.04071310142,Yearly,Fiber,Cash,8,0,0
Male,47,52,1747.4700562088776,90857.8856710204,Monthly,DSL,Credit Card,3,0,1
Female,31,37,1656.1013121773844,61237.69439491349,Yearly,Fiber,Cash,7,0,1
Male,37,29,995.0019181507765,28851.617645038194,Monthly,Fiber,Credit Card,9,0,1
Female,66,67,2192.681612838192,146874.28227384,Monthly,None,Credit Card,6,0,1
Female,42,15,337.80696979999965,5134.898766334808,Monthly,DSL,Credit Card,2,0,0
Male,57,47,432.6841001961925,20295.687452339618,Yearly,Fiber,Credit Card,7,0,0
Male,41,46,1917.2681852666674,88226.28925035732,Monthly,Fiber,Cash,3,0,0
Male,31,52,1221.5213493098263,63446.506608572876,Monthly,Fiber,Debit Card,1,0,1
Female,43,19,2872.9542049425936,54623.503192656266,Monthly,DSL,Debit Card,4,0,1
Male,55,21,2737.614864951521,57572.57210630195,Yearly,DSL,UPI,0,0,0
Male,40,64,2226.0068984271093,142486.15813026298,Monthly,DSL,Credit Card,7,0,1
Male,39,37,2507.9930690450637,92807.71463067427,Yearly,Fiber,Cash,7,0,1
Male,65,27,2100.795994102772,56813.715494379176,Yearly,Fiber,Cash,2,0,0
Male,36,55,638.0716773174338,35119.42156352203,Monthly,None,UPI,0,0,1
Female,63,29,2365.9670981608474,68564.9559333192,Yearly,None,Debit Card,3,1,0
Female,68,20,866.5183155408852,17288.84451558725,Monthly,DSL,Cash,8,0,1
Male,20,25,1172.2957087705313,29348.45404777047,Monthly,Fiber,UPI,8,0,0
Male,59,70,2510.9323726765347,175812.35340613587,Yearly,DSL,Debit Card,0,0,0
Male,36,63,1747.6191426623102,110060.70523408335,Yearly,None,Cash,6,1,1
Male,26,36,2620.839928295205,94319.30621421264,Monthly,DSL,Credit Card,5,0,0
Female,45,2,874.1953635768133,1846.602028901444,Yearly,DSL,UPI,6,0,0
Male,37,22,1940.0017842385953,42600.42976316515,Yearly,Fiber,Cash,6,0,0
Female,62,16,525.2356258803063,8384.699019772921,Yearly,Fiber,UPI,7,0,1
Female,24,18,2035.26468255808,36547.253792284944,Monthly,Fiber,UPI,7,0,1
Male,31,69,2357.841901993944,162755.30690998177,Yearly,None,UPI,9,0,0
Female,26,54,1878.3134137425484,101347.3935098867,Monthly,DSL,Credit Card,1,0,0
Female,36,30,1017.8250540467877,30569.553092696176,Monthly,DSL,Debit Card,3,0,0
Female,64,45,383.62520591894014,17174.430951153005,Yearly,Fiber,Debit Card,3,0,0
Female,69,19,621.5119867035716,11843.298754929798,Yearly,None,Cash,9,0,0
Male,31,34,1979.2180434998709,67362.02086838115,Monthly,DSL,Credit Card,7,0,1
Male,55,13,2821.934585474787,36664.913916557045,Monthly,Fiber,Debit Card,2,1,1
Female,53,43,856.6428907244173,36840.06959983638,Monthly,None,Cash,2,0,0
Male,57,62,2283.5706025837667,141561.6857077946,Monthly,Fiber,Cash,1,0,0
Male,34,22,2638.4178707724122,58005.290908719595,Monthly,Fiber,UPI,0,0,1
Male,47,52,1705.3818818082798,88740.51053415597,Monthly,Fiber,Credit Card,7,1,1
Male,26,52,2106.017648777876,109467.31825119574,Monthly,None,Debit Card,8,0,0
Male,50,36,2499.5413550256,90028.07746579948,Yearly,None,Credit Card,8,0,0
Female,69,19,1002.8229258996026,18994.87500794349,Monthly,Fiber,Credit Card,7,0,1
Male,42,38,1100.6183205237162,41773.46693911688,Yearly,DSL,Debit Card,4,0,0
Male,31,70,300.69429489683165,21015.89287529366,Yearly,DSL,Debit Card,0,0,0
Male,28,57,2899.3541534240667,165281.01802065058,Monthly,DSL,Credit Card,8,0,0
